ID,LATITUDE,LONGITUDE,Fazenda,Região,Textura,Uso atual,Cultura,Manejo,Estação,DATE_TIME initial_value,DIAGNOSTIC initial_value,ALTITUDE initial_value,LABEL,REP,CH4_DRY initial_value,CO2_DRY initial_value,CH4_DRY mean,CO2_DRY mean,EC_2 initial_value,SWC_2 initial_value,FCH4_DRY,FCH4_DRY R2,H2O initial_value,TS_2 initial_value,FCH4_DRY CV,FCH4_DRY LIN,FCH4_DRY LIN_R2,FCO2_DRY,FCO2_DRY R2,FCO2_DRY LIN,FCO2_DRY LIN_R2,FCH4_DRY LIN_CV,FCO2_DRY CV,FCO2_DRY LIN_CV,DOY initial_value,TA initial_value,DIAG initial_value,N2O initial_value,N2O mean,FN2O,FN2O R2,FN2O CV,FN2O LIN,FN2O LIN_R2,FN2O LIN_CV
P035,-17.752302,-50.95915,ifgoiano,Centro,Argilosa,Lavoura,pastagem,Convencional,Verão,2024-03-02 08:48:00,0,735.51,P035_R2,2,1.9359,410.4496,1.9321,413.5816,0.18,0.1627,0.015394,0.7766,12.5483,28.085,0.2461,0.01774,0.7666,2.5186,0.947,2.595,0.937,0.0163,0.141,0.1127,62.333,29.267,0,0.333766,0.333063,0.000564,0.7865,0.1394,0.000518,0.7765,0.1779
P035,-17.752302,-50.95915,ifgoiano,Centro,Argilosa,Lavoura,pastagem,Convencional,Verão,2024-03-02 09:36:00,0,735.51,P035_R1,1,1.9742,414.1277,1.9728,413.8142,0.2394,0.2036,-0.009226,0.7215,15.6639,28.72,0.2423,-0.005963,0.7115,3.4143,0.9587,3.3968,0.9487,0.2468,0.1283,0.1442,62.375,32.691,0,0.33852,0.338415,0.00277,0.7487,0.311,0.002738,0.7387,0.2464
P035,-17.752302,-50.95915,ifgoiano,Centro,Argilosa,Lavoura,pastagem,Convencional,Verão,2024-03-02 15:09:00,0,735.51,P035_R3,3,1.9743,402.5734,1.9753,406.2184,0.1806,0.1657,-0.0424,0.7728,12.1775,28.092,0.206,-0.046832,0.7628,2.8168,0.906,2.7913,0.896,0.1941,0.1313,0.0966,62.625,29.764,2,0.328591,0.329733,0.001291,0.7522,0.4078,0.001289,0.7422,0.2826
P044,-17.846582,-50.996397,Rio Verde,Centro,Media,Lavoura,cana,ILP,Verão,2024-03-03 11:16:00,0,733.33,P044_R1,1,1.9537,414.8564,1.9519,414.4501,0.1715,0.1505,-0.030103,0.882,14.563,27.148,0.3497,-0.026489,0.872,2.7059,0.9392,2.4959,0.9292,0.2461,0.0836,0.1711,63.458,29.498,0,0.331269,0.331897,0.001589,0.7432,0.3203,0.001305,0.7332,0.1397
P044,-17.846582,-50.996397,Rio Verde,Centro,Media,Lavoura,cana,ILP,Verão,2024-03-03 14:03:00,0,733.33,P044_R3,3,2.0081,417.2393,2.0176,419.3979,0.2056,0.1794,-0.009582,0.7661,16.0213,27.178,0.1778,-0.009818,0.7561,2.9988,0.8776,3.0193,0.8676,0.1498,0.1311,0.155,63.583,28.143,0,0.338523,0.340407,0.002215,0.7048,0.2415,0.002222,0.6948,0.3866
P044,-17.846582,-50.996397,Rio Verde,Centro,Media,Lavoura,cana,ILP,Verão,2024-03-03 14:35:00,0,733.33,P044_R2,2,1.8505,403.5272,1.8591,409.1073,0.1227,0.1766,0.00633,0.9604,12.0057,27.116,0.3175,0.005299,0.9504,2.6211,0.914,2.7099,0.904,0.2434,0.1439,0.2111,63.583,28.871,0,0.337703,0.338097,0.001705,0.901,0.1814,0.001765,0.891,0.5671
P025,-17.771526,-50.880016,Usina Decal,Norte,Media,Lavoura,sorgo,Convencional,Verão,2024-03-09 08:11:00,0,697.45,P025_R2,2,1.895,416.3113,1.9045,418.5391,0.2489,0.2083,-0.023922,0.9047,14.6216,29.524,0.2335,-0.023794,0.8947,1.7278,0.8941,1.7783,0.8841,0.0431,0.0396,0.1278,69.333,30.317,0,0.333808,0.334124,0.002159,0.7186,0.3323,0.002104,0.7086,0.3106
P025,-17.771526,-50.880016,Usina Decal,Norte,Media,Lavoura,sorgo,Convencional,Verão,2024-03-09 10:06:00,0,697.45,P025_R1,1,1.9405,421.8357,1.9454,422.7528,0.2504,0.234,0.017757,0.6751,15.887,29.094,0.2767,0.020005,0.6651,3.1241,0.8607,3.0549,0.8507,0.1202,0.1362,0.2085,69.417,31.269,0,0.324726,0.32425,0.002839,0.795,0.3771,0.002964,0.785,0.2048
P025,-17.771526,-50.880016,Usina Decal,Norte,Media,Lavoura,sorgo,Convencional,Verão,2024-03-09 12:00:00,0,697.45,P025_R3,3,1.9794,404.8463,1.9832,409.9166,0.1341,0.1609,-0.009894,0.7347,14.5118,29.384,0.1204,-0.010958,0.7247,2.4337,0.8349,2.2689,0.8249,0.0138,0.1878,0.1608,69.5,30.738,0,0.33277,0.333112,2.5e-05,0.891,0.1568,-8.2e-05,0.881,0.0539
P030,-17.766083,-50.998802,Mata do Lobo,Norte,Arenosa,Pastagem,sorgo,Convencional,Verão,2024-03-11 08:24:00,0,704.14,P030_R2,2,1.9422,417.8079,1.9451,422.2606,0.1462,0.1377,-0.01471,0.7631,13.6046,27.564,0.3023,-0.015728,0.7531,3.4665,0.999,3.4604,0.989,0.0525,0.1455,0.1586,71.333,29.693,0,0.342155,0.342097,0.000799,0.6543,0.2265,0.000505,0.6443,0.1722
P012,-17.783868,-50.939844,Rio Verde,Centro,Media,Lavoura,soja,ILP,Verão,2024-03-11 09:45:00,0,692.13,P012_R2,2,1.9364,421.8992,1.9385,423.9385,0.1264,0.1164,-0.012354,0.9917,15.4028,27.248,0.0122,-0.01532,0.9817,3.0485,0.9065,3.0124,0.8965,0.1451,0.1078,0.1168,71.375,29.42,0,0.329239,0.329902,0.011139,0.7702,0.1306,0.010989,0.7602,0.3782
P030,-17.766083,-50.998802,Mata do Lobo,Norte,Arenosa,Pastagem,sorgo,Convencional,Verão,2024-03-11 10:32:00,0,704.14,P030_R1,1,1.9649,397.6741,1.9658,397.3273,0.1959,0.1294,-0.047606,0.8414,15.2186,28.164,0.2757,-0.040125,0.8314,3.6972,0.9447,3.8896,0.9347,0.2877,0.1315,0.1216,71.417,30.339,0,0.33838,0.338587,0.000819,0.8354,0.2275,0.001015,0.8254,0.298
P012,-17.783868,-50.939844,Rio Verde,Centro,Media,Lavoura,soja,ILP,Verão,2024-03-11 11:25:00,0,692.13,P012_R3,3,1.834,423.7504,1.8365,426.5356,0.1738,0.1447,0.00192,0.8501,14.2598,27.871,0.0666,0.005011,0.8401,2.892,0.9255,2.8535,0.9155,0.1796,0.0025,0.1118,71.458,29.375,0,0.324992,0.326444,0.011105,0.9273,0.1013,0.01116,0.9173,0.0893
P012,-17.783868,-50.939844,Rio Verde,Centro,Media,Lavoura,soja,ILP,Verão,2024-03-11 11:56:00,0,692.13,P012_R1,1,1.9716,408.79,1.9704,410.1556,0.1764,0.1997,-0.017007,0.9763,15.7888,27.884,0.2794,-0.018795,0.9663,1.9314,0.9166,1.9967,0.9066,0.2479,0.1687,0.1607,71.458,29.579,0,0.33531,0.334491,0.010601,0.8295,0.333,0.010637,0.8195,0.292
P030,-17.766083,-50.998802,Mata do Lobo,Norte,Arenosa,Pastagem,sorgo,Convencional,Verão,2024-03-11 16:42:00,0,704.14,P030_R3,3,1.9698,403.3497,1.976,408.2904,0.0908,0.161,-0.005914,0.7969,12.7064,27.071,0.2583,-0.005489,0.7869,2.5362,0.9153,2.5665,0.9053,0.2647,0.0595,0.0869,71.667,28.142,0,0.336528,0.338341,0.001259,0.7138,0.2279,0.001192,0.7038,0.184
P069,-17.750447,-50.871497,Mata do Lobo,Centro,Arenosa,Pastagem,cana,ILP,Verão,2024-03-13 08:23:00,0,694.72,P069_R1,1,1.8698,395.9215,1.8684,394.198,0.1461,0.1288,-0.024277,0.9129,14.1648,27.603,0.1381,-0.021744,0.9029,2.7376,0.999,2.7234,0.989,0.1194,0.0895,0.1228,73.333,29.571,0,0.337448,0.337878,0.001692,0.9015,0.1965,0.001562,0.8915,0.3666
P010,-17.904597,-51.00793,Usina Decal,Sudoeste,Arenosa,Mata,Mata,Nativo,Verão,2024-03-13 09:09:00,0,719.69,P010_R3,3,1.8035,412.6867,1.7973,410.8141,0.2624,0.2287,-0.015669,0.7698,14.4141,27.312,0.0708,-0.017122,0.7598,4.1816,0.9266,4.0654,0.9166,0.2739,0.1182,0.0929,73.375,28.527,0,0.336914,0.338176,0.003006,0.769,0.1944,0.003005,0.759,0.2435
P069,-17.750447,-50.871497,Mata do Lobo,Centro,Arenosa,Pastagem,cana,ILP,Verão,2024-03-13 10:29:00,0,694.72,P069_R2,2,1.9471,408.8347,1.9362,410.2921,0.1912,0.1646,0.015478,0.7629,14.8936,27.434,0.1234,0.017226,0.7529,2.5824,0.913,2.5888,0.903,0.1799,0.1396,0.1555,73.417,27.859,0,0.338118,0.337853,0.001718,0.9219,0.2086,0.001712,0.9119,0.1866
P010,-17.904597,-51.00793,Usina Decal,Sudoeste,Arenosa,Mata,Mata,Nativo,Verão,2024-03-13 10:46:00,0,719.69,P010_R1,1,1.9284,419.9596,1.9251,418.6036,0.1515,0.1967,-0.012632,0.8382,13.1365,27.575,0.3448,-0.01466,0.8282,3.5193,0.9251,3.5232,0.9151,0.2056,0.0889,0.0661,73.417,29.306,0,0.322492,0.322345,0.00043,0.9388,0.1975,0.000526,0.9288,0.1324
P069,-17.750447,-50.871497,Mata do Lobo,Centro,Arenosa,Pastagem,cana,ILP,Verão,2024-03-13 15:06:00,0,694.72,P069_R3,3,1.9339,408.5502,1.9398,413.2722,0.1542,0.1446,-0.03522,0.9156,12.8455,27.454,0.0925,-0.036999,0.9056,2.3881,0.837,2.3314,0.827,0.1678,0.0781,0.1987,73.625,29.016,0,0.335994,0.337336,0.001552,0.7326,0.2623,0.001394,0.7226,0.2184
P010,-17.904597,-51.00793,Usina Decal,Sudoeste,Arenosa,Mata,Mata,Nativo,Verão,2024-03-13 16:37:00,0,719.69,P010_R2,2,1.9765,421.4904,1.9765,421.0692,0.1901,0.23,-0.003181,0.9432,14.9096,26.805,0.2272,-0.00369,0.9332,3.8514,0.9424,3.7943,0.9324,0.2752,0.1355,0.1256,73.667,29.231,0,0.341817,0.341724,0.001501,0.9447,0.1049,0.001455,0.9347,0.3266
P076,-17.777932,-50.838113,IF-40,Centro,Media,Lavoura,pastagem,SPD,Verão,2024-03-14 08:41:00,0,712.76,P076_R1,1,1.9016,405.9894,1.9018,405.7407,0.1506,0.2061,-0.024458,0.8944,14.3706,26.859,0.2293,-0.020284,0.8844,2.5187,0.899,2.6861,0.889,0.2453,0.093,0.1536,74.333,29.084,0,0.332629,0.333011,0.000983,0.8221,0.4062,0.000997,0.8121,0.3072
P076,-17.777932,-50.838113,IF-40,Centro,Media,Lavoura,pastagem,SPD,Verão,2024-03-14 12:44:00,0,712.76,P076_R2,2,2.0076,404.0786,2.0155,405.8075,0.1646,0.1765,-0.021019,0.8811,16.6587,28.242,0.162,-0.016399,0.8711,1.8807,0.9103,1.9351,0.9003,0.2057,0.1335,0.1324,74.5,29.539,0,0.330262,0.330896,0.00136,0.6943,0.1955,0.00157,0.6843,0.2564
P076,-17.777932,-50.838113,IF-40,Centro,Media,Lavoura,pastagem,SPD,Verão,2024-03-14 16:22:00,0,712.76,P076_R3,3,1.9135,395.4819,1.924,397.7977,0.1954,0.1944,-0.012729,0.9671,13.5955,27.086,0.291,-0.016375,0.9571,2.7965,0.8636,2.7481,0.8536,0.117,0.186,0.1074,74.667,28.845,0,0.3336,0.334515,0.001644,0.863,0.2873,0.001456,0.853,0.3547
P067,-17.773686,-50.963034,ifgoiano,Centro,Argilosa,Pastagem,sorgo,Convencional,Verão,2024-03-17 10:16:00,0,723.58,P067_R2,2,1.8993,397.2206,1.9103,399.4069,0.217,0.2281,-0.057858,0.829,13.8876,29.225,0.1638,-0.057244,0.819,3.2053,0.9821,3.2694,0.9721,0.2165,0.1299,0.147,77.417,30.473,0,0.341802,0.342325,0.002263,0.6896,0.3738,0.00256,0.6796,0.3301
P067,-17.773686,-50.963034,ifgoiano,Centro,Argilosa,Pastagem,sorgo,Convencional,Verão,2024-03-17 10:40:00,0,723.58,P067_R1,1,2.0243,426.5956,2.0272,426.9905,0.2166,0.175,-0.014177,0.9367,13.76,29.328,0.0695,-0.008434,0.9267,2.1671,0.9561,2.2056,0.9461,0.1652,0.1212,0.1718,77.417,31.237,0,0.327474,0.327718,0.001797,0.6843,0.2019,0.00203,0.6743,0.2151
P067,-17.773686,-50.963034,ifgoiano,Centro,Argilosa,Pastagem,sorgo,Convencional,Verão,2024-03-17 13:04:00,1,723.58,P067_R3,3,1.9517,409.2728,1.954,415.3057,0.235,0.2213,-0.004613,0.82,15.3466,29.947,0.2576,-0.005579,0.81,4.2044,0.9333,4.2844,0.9233,0.2062,0.1844,0.1678,77.542,32.439,0,0.343608,0.344145,0.002635,0.8704,0.1924,0.002631,0.8604,0.1164
P078,-17.727587,-50.965972,Mata do Lobo,Centro,Arenosa,Lavoura,pastagem,Convencional,Verão,2024-03-17 14:19:00,0,753.78,P078_R1,1,1.9762,406.6068,1.9825,407.6425,0.1417,0.143,-0.01642,0.9676,16.3669,29.983,0.1758,-0.023431,0.9576,3.729,0.9369,3.8423,0.9269,0.2839,0.0878,0.1223,77.583,30.794,0,0.329432,0.329901,0.001021,0.7225,0.2551,0.001174,0.7125,0.1601
P078,-17.727587,-50.965972,Mata do Lobo,Centro,Arenosa,Lavoura,pastagem,Convencional,Verão,2024-03-17 14:41:00,0,753.78,P078_R2,2,1.9597,416.3108,1.9582,417.7622,0.1588,0.1497,-0.01277,0.8186,15.6054,28.914,0.257,-0.019891,0.8086,3.1994,0.7692,3.0971,0.7592,0.0934,0.1433,0.1217,77.583,30.533,0,0.336882,0.338462,0.001326,0.8138,0.199,0.001518,0.8038,0.2195
P078,-17.727587,-50.965972,Mata do Lobo,Centro,Arenosa,Lavoura,pastagem,Convencional,Verão,2024-03-17 15:31:00,0,753.78,P078_R3,3,1.8605,405.892,1.8601,406.2337,0.2199,0.1191,-0.051558,0.8627,14.3592,28.574,0.2433,-0.053961,0.8527,2.7575,0.935,2.6848,0.925,0.0798,0.1133,0.1517,77.625,30.25,0,0.339681,0.340537,0.000952,0.876,0.2028,0.000797,0.866,0.0238
P015,-17.7369,-50.948984,ifgoiano,Norte,Argilosa,Lavoura,milho,ILP,Verão,2024-03-18 14:52:00,0,729.42,P015_R2,2,1.9628,415.5574,1.967,417.9442,0.2035,0.2233,0.012565,0.8332,14.9486,30.601,0.1945,0.016668,0.8232,4.791,0.9091,4.6342,0.8991,0.2737,0.1901,0.1712,78.583,31.636,0,0.338259,0.338524,0.008855,0.8191,0.1289,0.009054,0.8091,0.3055
P015,-17.7369,-50.948984,ifgoiano,Norte,Argilosa,Lavoura,milho,ILP,Verão,2024-03-18 16:07:00,0,729.42,P015_R1,1,1.9778,412.9163,1.986,414.5531,0.2394,0.2464,-0.011251,0.9682,13.1838,28.973,0.0303,-0.016507,0.9582,1.5437,0.8864,1.5119,0.8764,0.1854,0.1431,0.1601,78.667,30.453,0,0.335886,0.337167,0.01175,0.7257,0.4062,0.011533,0.7157,0.2976
P015,-17.7369,-50.948984,ifgoiano,Norte,Argilosa,Lavoura,milho,ILP,Verão,2024-03-18 16:54:00,0,729.42,P015_R3,3,1.928,409.3324,1.936,411.0614,0.1709,0.2112,0.014796,0.8908,13.3526,29.47,0.2974,0.014364,0.8808,3.4116,0.9037,3.2725,0.8937,0.2073,0.1002,0.245,78.667,31.16,0,0.320222,0.32059,0.013259,0.7695,0.2086,0.013562,0.7595,0.4185
P043,-17.770928,-50.909236,Rio Verde,Norte,Media,Lavoura,sorgo,SPD,Verão,2024-03-19 08:14:00,0,699.4,P043_R1,1,1.8194,403.403,1.8176,404.0096,0.1801,0.1731,-0.020824,0.999,15.8509,28.087,0.0852,-0.017745,0.989,3.291,0.9577,3.2988,0.9477,0.244,0.0817,0.0418,79.333,28.615,0,0.332595,0.333782,0.001786,0.7862,0.2752,0.001622,0.7762,0.3218
P043,-17.770928,-50.909236,Rio Verde,Norte,Media,Lavoura,sorgo,SPD,Verão,2024-03-19 12:09:00,0,699.4,P043_R3,3,1.8974,409.4295,1.9008,415.1038,0.219,0.1567,0.046708,0.8407,13.9694,28.84,0.2964,0.047564,0.8307,3.0195,0.999,3.0049,0.989,0.1452,0.1002,0.0881,79.5,30.62,0,0.331954,0.332047,0.001512,0.6067,0.2576,0.001796,0.5967,0.184
P043,-17.770928,-50.909236,Rio Verde,Norte,Media,Lavoura,sorgo,SPD,Verão,2024-03-19 16:16:00,0,699.4,P043_R2,2,1.9888,407.1866,1.9977,411.5013,0.2006,0.1875,-0.024567,0.7913,13.6568,28.087,0.1,-0.022926,0.7813,3.1749,0.8847,3.2308,0.8747,0.1929,0.1566,0.1673,79.667,31.068,0,0.322907,0.323531,0.001241,0.7154,0.2557,0.00112,0.7054,0.341
P038,-17.776077,-50.933083,ifgoiano,Norte,Argilosa,Lavoura,soja,Convencional,Verão,2024-03-20 12:03:00,0,727.73,P038_R2,2,1.9468,418.4166,1.9438,420.8861,0.18,0.1337,0.00413,0.7423,15.0411,31.172,0.1728,0.002172,0.7323,3.5312,0.9319,3.6039,0.9219,0.0818,0.2032,0.1163,80.5,31.965,0,0.345111,0.346692,0.009382,0.6244,0.1553,0.009124,0.6144,0.3823
P038,-17.776077,-50.933083,ifgoiano,Norte,Argilosa,Lavoura,soja,Convencional,Verão,2024-03-20 14:17:00,0,727.73,P038_R1,1,1.9312,413.5851,1.9291,414.1438,0.1621,0.1281,0.02577,0.8469,16.7519,30.512,0.1336,0.021601,0.8369,3.8462,0.9593,3.9431,0.9493,0.2689,0.0817,0.0374,80.583,33.452,0,0.347464,0.346344,0.015784,0.8445,0.1737,0.015945,0.8345,0.3592
P038,-17.776077,-50.933083,ifgoiano,Norte,Argilosa,Lavoura,soja,Convencional,Verão,2024-03-20 16:10:00,0,727.73,P038_R3,3,1.9812,415.7527,1.9931,419.0035,0.2272,0.1401,-0.009549,0.8609,15.7884,30.829,0.2254,-0.010838,0.8509,3.1223,0.8333,3.1237,0.8233,0.3579,0.1463,0.0619,80.667,33.012,0,0.33674,0.336914,0.011139,0.8288,0.0267,0.010822,0.8188,0.1353
P002,-17.855274,-50.928908,ifgoiano,Centro,Media,Mata,Mata,Nativo,Outono,2024-03-24 10:25:00,0,752.48,P002_R2,2,1.8434,402.0837,1.8429,403.2643,0.2796,0.1994,-0.010013,0.8604,17.3786,28.162,0.0852,-0.01312,0.8504,3.8393,0.999,3.9459,0.989,0.3703,0.095,0.0937,84.417,29.993,0,0.336339,0.336449,0.0,0.8783,0.1235,-9.7e-05,0.8683,0.1579
P002,-17.855274,-50.928908,ifgoiano,Centro,Media,Mata,Mata,Nativo,Outono,2024-03-24 12:27:00,0,752.48,P002_R3,3,1.9723,404.7617,1.9683,406.5233,0.216,0.2013,-0.012603,0.8647,14.1939,27.876,0.3121,-0.008685,0.8547,4.8132,0.9968,4.8292,0.9868,0.1693,0.0516,0.121,84.5,29.344,0,0.332725,0.333763,0.001339,0.6576,0.3924,0.001257,0.6476,0.3861
P002,-17.855274,-50.928908,ifgoiano,Centro,Media,Mata,Mata,Nativo,Outono,2024-03-24 15:44:00,0,752.48,P002_R1,1,1.9203,411.9019,1.9184,413.2101,0.2215,0.1759,-0.023356,0.7549,12.4399,27.418,0.1488,-0.022818,0.7449,3.6132,0.9932,3.7733,0.9832,0.1822,0.0737,0.1618,84.625,29.266,0,0.32777,0.328256,0.001207,0.716,0.0823,0.001479,0.706,0.0929
P063,-17.770952,-50.954791,Rio Verde,Sudoeste,Arenosa,Lavoura,soja,ILP,Outono,2024-03-25 08:41:00,0,666.9,P063_R2,2,1.9673,392.3819,1.9709,396.9419,0.1923,0.1774,-0.004018,0.9121,13.7396,27.958,0.1373,-0.00644,0.9021,2.3894,0.8528,2.3591,0.8428,0.1414,0.1638,0.1221,85.333,30.142,0,0.343097,0.343456,0.002414,0.774,0.3031,0.002841,0.764,0.1999
P041,-17.840595,-50.993935,ifgoiano,Sudoeste,Argilosa,Pastagem,sorgo,ILP,Outono,2024-03-25 09:10:00,0,730.04,P041_R2,2,1.8382,399.4366,1.8365,401.3621,0.2355,0.1628,-0.020662,0.7353,16.4309,27.021,0.2404,-0.023967,0.7253,2.7737,0.8489,2.8061,0.8389,0.2317,0.0672,0.185,85.375,28.141,0,0.333779,0.334557,0.002113,0.7044,0.2551,0.002115,0.6944,0.2609
P041,-17.840595,-50.993935,ifgoiano,Sudoeste,Argilosa,Pastagem,sorgo,ILP,Outono,2024-03-25 13:28:00,0,730.04,P041_R3,3,1.9852,403.2974,1.9941,406.8215,0.2563,0.1941,-0.025554,0.7892,14.5206,28.014,0.1137,-0.018403,0.7792,2.8228,0.8199,2.8188,0.8099,0.2414,0.0886,0.197,85.542,29.27,0,0.341185,0.340509,0.001864,0.8783,0.351,0.001782,0.8683,0.1945
P041,-17.840595,-50.993935,ifgoiano,Sudoeste,Argilosa,Pastagem,sorgo,ILP,Outono,2024-03-25 13:57:00,0,730.04,P041_R1,1,1.9528,403.9548,1.9523,404.5344,0.2478,0.183,-0.055475,0.8757,14.7014,27.944,0.0582,-0.058644,0.8657,2.0642,0.8882,1.9229,0.8782,0.3957,0.1531,0.0491,85.542,30.433,0,0.330095,0.329814,0.002342,0.8442,0.1969,0.002022,0.8342,0.0805
P063,-17.770952,-50.954791,Rio Verde,Sudoeste,Arenosa,Lavoura,soja,ILP,Outono,2024-03-25 16:09:00,1,666.9,P063_R1,1,1.9473,411.8009,1.9332,413.911,0.2505,0.1719,-0.017639,0.7716,14.5652,27.905,0.2652,-0.016406,0.7616,2.1345,0.8766,1.9923,0.8666,0.0634,0.0444,0.1252,85.667,28.299,2,0.33932,0.340056,0.000455,0.8826,0.2035,0.000596,0.8726,0.2253
P063,-17.770952,-50.954791,Rio Verde,Sudoeste,Arenosa,Lavoura,soja,ILP,Outono,2024-03-25 16:27:00,0,666.9,P063_R3,3,2.0051,408.129,2.0082,410.4232,0.2085,0.1655,-0.003167,0.8732,14.3786,29.289,0.3444,-0.001009,0.8632,3.9425,0.9598,3.9779,0.9498,0.0841,0.0096,0.2326,85.667,29.947,0,0.332396,0.333696,0.001014,0.7879,0.1306,0.000821,0.7779,0.1588
P036,-17.833685,-51.01633,Mata do Lobo,Norte,Argilosa,Pastagem,cana,Convencional,Outono,2024-03-28 10:47:00,0,700.11,P036_R3,3,1.9551,416.1777,1.9506,417.8051,0.2027,0.1864,-0.047213,0.7453,13.5915,28.337,0.1622,-0.04295,0.7353,4.1179,0.9475,4.2541,0.9375,0.1601,0.0131,0.1309,88.417,29.654,0,0.327937,0.32923,0.002668,0.8411,0.3338,0.002359,0.8311,0.3289
P036,-17.833685,-51.01633,Mata do Lobo,Norte,Argilosa,Pastagem,cana,Convencional,Outono,2024-03-28 12:24:00,0,700.11,P036_R1,1,1.9143,416.5995,1.9089,415.526,0.1247,0.1981,-0.012874,0.8592,13.7422,27.591,0.2783,-0.01946,0.8492,3.8008,0.9233,3.8501,0.9133,0.2851,0.1268,0.1242,88.5,29.411,0,0.340259,0.341127,0.00026,0.8744,0.2208,0.000286,0.8644,0.1422
P036,-17.833685,-51.01633,Mata do Lobo,Norte,Argilosa,Pastagem,cana,Convencional,Outono,2024-03-28 14:29:00,0,700.11,P036_R2,2,2.0202,397.1596,2.0154,399.7203,0.2265,0.211,-0.016236,0.8237,16.238,27.902,0.1369,-0.010461,0.8137,2.5209,0.9753,2.5309,0.9653,0.2563,0.1689,0.0509,88.583,30.036,0,0.333296,0.334316,0.003587,0.7379,0.2162,0.003596,0.7279,0.4341
P006,-17.822577,-50.896721,Usina Decal,Centro,Argilosa,Pastagem,milho,SPD,Outono,2024-03-29 10:28:00,0,747.13,P006_R3,3,1.8878,401.7419,1.8918,405.2359,0.2011,0.2093,0.00205,0.871,14.6066,29.284,0.0636,0.001571,0.861,2.6935,0.9166,2.7835,0.9066,0.1798,0.1295,0.1924,89.417,30.181,0,0.330556,0.331497,0.001676,0.69,0.3536,0.001785,0.68,0.2763
P066,-17.697733,-50.881252,Rio Verde,Centro,Argilosa,Pastagem,soja,ILP,Outono,2024-03-29 13:06:00,0,666.11,P066_R2,2,1.904,405.741,1.9043,406.0833,0.3174,0.2939,0.041672,0.8301,16.9659,29.544,0.0331,0.041307,0.8201,3.2785,0.9282,3.3065,0.9182,0.3004,0.039,0.0619,89.542,30.994,0,0.339885,0.340567,0.002397,0.6016,0.2579,0.0026,0.5916,0.243
P006,-17.822577,-50.896721,Usina Decal,Centro,Argilosa,Pastagem,milho,SPD,Outono,2024-03-29 13:20:00,0,747.13,P006_R1,1,2.0182,398.0395,2.0115,398.1603,0.1204,0.1873,-0.005191,0.9133,14.5412,29.192,0.1249,-0.00687,0.9033,2.7111,0.9157,2.9532,0.9057,0.1224,0.1534,0.2114,89.542,29.099,0,0.339476,0.337404,0.002424,0.8145,0.3098,0.002112,0.8045,0.1512
P066,-17.697733,-50.881252,Rio Verde,Centro,Argilosa,Pastagem,soja,ILP,Outono,2024-03-29 15:48:00,0,666.11,P066_R1,1,1.9071,410.5939,1.9084,414.0232,0.193,0.2885,-0.027442,0.7636,15.8977,28.662,0.0391,-0.027106,0.7536,2.7104,0.9081,2.5232,0.8981,0.0842,0.2249,0.1932,89.625,29.398,0,0.332268,0.33212,0.003365,0.8791,0.1854,0.003253,0.8691,0.2967
P006,-17.822577,-50.896721,Usina Decal,Centro,Argilosa,Pastagem,milho,SPD,Outono,2024-03-29 15:59:00,0,747.13,P006_R2,2,2.0282,412.0658,2.0276,413.0541,0.1806,0.1966,-0.021968,0.8357,16.1953,28.851,0.1963,-0.018524,0.8257,2.0785,0.9324,2.1422,0.9224,0.253,0.112,0.1653,89.625,30.456,0,0.333191,0.334153,0.000142,0.7547,0.1191,-1.5e-05,0.7447,0.2785
P066,-17.697733,-50.881252,Rio Verde,Centro,Argilosa,Pastagem,soja,ILP,Outono,2024-03-29 16:46:00,0,666.11,P066_R3,3,1.9383,412.837,1.9426,416.4504,0.2155,0.2953,0.023634,0.8293,13.605,28.476,0.1523,0.023067,0.8193,4.6368,0.999,4.5789,0.989,0.1246,0.0938,0.0798,89.667,30.927,3,0.338207,0.338454,0.003239,0.7835,0.3911,0.003386,0.7735,0.4011
P040,-17.757005,-50.933558,Usina Decal,Norte,Argilosa,Pastagem,soja,Convencional,Outono,2024-03-30 14:48:00,0,672.86,P040_R2,2,2.028,411.4667,2.0358,415.3049,0.1964,0.101,-0.024525,0.8358,14.0534,28.963,0.2025,-0.021963,0.8258,2.4815,0.999,2.4485,0.989,0.1745,0.1916,0.1231,90.583,30.413,0,0.333498,0.334047,0.001685,0.7025,0.2778,0.001732,0.6925,0.223
P040,-17.757005,-50.933558,Usina Decal,Norte,Argilosa,Pastagem,soja,Convencional,Outono,2024-03-30 15:12:00,0,672.86,P040_R1,1,1.9254,424.2498,1.9243,427.7729,0.1226,0.1424,-0.046481,0.8741,14.6612,29.476,0.1135,-0.049647,0.8641,2.0003,0.909,1.9832,0.899,0.2323,0.0113,0.1251,90.625,31.011,0,0.332616,0.333493,0.002497,0.8783,0.2359,0.002487,0.8683,0.2668
P040,-17.757005,-50.933558,Usina Decal,Norte,Argilosa,Pastagem,soja,Convencional,Outono,2024-03-30 15:35:00,0,672.86,P040_R3,3,2.087,409.2481,2.0923,411.6318,0.2299,0.1118,-0.017407,0.9071,14.8462,28.901,0.0427,-0.023023,0.8971,1.833,0.8593,1.7982,0.8493,0.3331,0.2021,0.1509,90.625,28.533,0,0.339332,0.339638,0.000637,0.6616,0.1107,0.000639,0.6516,0.2715
P039,-17.751923,-50.923161,Usina Decal,Sudoeste,Media,Pastagem,cana,SPD,Outono,2024-03-31 08:18:00,0,708.79,P039_R2,2,1.9968,415.5713,2.0053,417.8201,0.218,0.1996,-0.007585,0.811,14.4838,27.507,0.1421,-0.009792,0.801,3.169,0.8977,3.1972,0.8877,0.0633,0.0864,0.0921,91.333,29.044,0,0.339556,0.340339,0.002435,0.9344,0.0613,0.003004,0.9244,0.3032
P039,-17.751923,-50.923161,Usina Decal,Sudoeste,Media,Pastagem,cana,SPD,Outono,2024-03-31 11:37:00,0,708.79,P039_R3,3,1.9184,407.7438,1.9197,412.4804,0.2147,0.1574,-0.008263,0.9436,13.5739,27.752,0.2542,-0.013624,0.9336,2.5243,0.9167,2.3971,0.9067,0.0925,0.1423,0.108,91.458,30.292,0,0.33411,0.334613,0.001302,0.8725,0.295,0.001454,0.8625,0.282
P039,-17.751923,-50.923161,Usina Decal,Sudoeste,Media,Pastagem,cana,SPD,Outono,2024-03-31 13:49:00,1,708.79,P039_R1,1,1.8839,394.49,1.8812,394.5053,0.2756,0.2432,-0.009449,0.8978,15.1462,28.07,0.2176,-0.012124,0.8878,2.4499,0.9111,2.3272,0.9011,0.2064,0.1061,0.1226,91.542,29.501,0,0.341414,0.341581,0.001627,0.7658,0.2868,0.001471,0.7558,0.1618
P064,-17.848626,-50.891132,Usina Decal,Centro,Media,Lavoura,cana,Convencional,Outono,2024-04-01 09:01:00,0,737.79,P064_R2,2,1.9891,398.3864,1.9896,402.7154,0.2241,0.1726,-0.040655,0.984,15.4045,31.172,0.1766,-0.038447,0.974,3.4297,0.9924,3.5189,0.9824,0.1588,0.2181,0.1074,92.375,32.443,0,0.337455,0.337942,0.002245,0.8155,0.3153,0.002033,0.8055,0.1722
P064,-17.848626,-50.891132,Usina Decal,Centro,Media,Lavoura,cana,Convencional,Outono,2024-04-01 11:57:00,0,737.79,P064_R3,3,2.0547,424.1079,2.0519,427.1763,0.1378,0.1397,-0.015515,0.999,14.5303,31.276,0.1549,-0.016947,0.989,3.3704,0.9167,3.3068,0.9067,0.2195,0.0276,0.2156,92.458,32.612,0,0.326696,0.328386,0.003371,0.9126,0.0998,0.003481,0.9026,0.1632
P064,-17.848626,-50.891132,Usina Decal,Centro,Media,Lavoura,cana,Convencional,Outono,2024-04-01 16:38:00,0,737.79,P064_R1,1,1.9079,417.9285,1.907,419.0624,0.1522,0.1459,-0.010797,0.8329,15.483,29.546,0.2151,-0.010273,0.8229,2.5788,0.9063,2.753,0.8963,0.1097,0.0849,0.0643,92.667,31.86,0,0.339992,0.339726,0.001647,0.7946,0.3652,0.002137,0.7846,0.1917
P016,-17.822688,-50.907015,IF-40,Norte,Media,Pastagem,pastagem,ILP,Outono,2024-04-03 09:34:00,0,744.71,P016_R2,2,1.9394,412.6423,1.9408,411.8815,0.1283,0.102,-0.009977,0.8248,13.599,27.559,0.04,-0.00729,0.8148,2.4389,0.9856,2.4456,0.9756,0.166,0.0566,0.1206,94.375,30.119,0,0.337494,0.339692,0.0,0.5865,0.1966,-0.000336,0.5765,0.3479
P016,-17.822688,-50.907015,IF-40,Norte,Media,Pastagem,pastagem,ILP,Outono,2024-04-03 12:31:00,0,744.71,P016_R1,1,1.9419,408.4739,1.9407,407.4882,0.2089,0.1278,-0.015715,0.8643,13.9892,27.007,0.1302,-0.014725,0.8543,2.6462,0.9364,2.7025,0.9264,0.1117,0.1189,0.1123,94.5,26.698,0,0.34548,0.347145,0.00199,0.7184,0.1128,0.001828,0.7084,0.2723
P016,-17.822688,-50.907015,IF-40,Norte,Media,Pastagem,pastagem,ILP,Outono,2024-04-03 14:45:00,0,744.71,P016_R3,3,1.8918,417.8518,1.8979,420.0127,0.1661,0.0829,-0.026065,0.7857,14.7332,27.444,0.0546,-0.023545,0.7757,1.6949,0.831,1.8465,0.821,0.1708,0.1398,0.1009,94.583,29.192,0,0.345044,0.344594,0.001354,0.8351,0.1476,0.001333,0.8251,0.1024
P065,-17.737716,-51.027066,ifgoiano,Centro,Media,Pastagem,milho,ILP,Outono,2024-04-04 09:43:00,0,710.47,P065_R3,3,1.9859,407.859,1.9894,410.6018,0.1326,0.1049,-0.039669,0.7582,17.0427,30.072,0.1737,-0.042619,0.7482,2.1288,0.9226,2.1301,0.9126,0.0377,0.1766,0.1487,95.375,31.765,0,0.340036,0.341678,0.00124,0.8229,0.1997,0.001335,0.8129,0.2937
P065,-17.737716,-51.027066,ifgoiano,Centro,Media,Pastagem,milho,ILP,Outono,2024-04-04 11:17:00,0,710.47,P065_R2,2,1.951,407.4733,1.9511,409.9091,0.1905,0.1087,-0.021576,0.8363,14.4887,29.955,0.1375,-0.021545,0.8263,3.3574,0.9081,3.2911,0.8981,0.1612,0.0682,0.1283,95.458,32.643,0,0.338794,0.33937,0.002387,0.6483,0.3336,0.002367,0.6383,0.3627
P059,-17.843056,-50.940809,Usina Decal,Centro,Argilosa,Pastagem,pastagem,SPD,Outono,2024-04-04 11:43:00,0,722.54,P059_R3,3,1.9246,407.3749,1.9282,411.5492,0.2093,0.1877,-0.019821,0.7783,14.9833,29.387,0.1585,-0.022446,0.7683,2.7554,0.95,2.945,0.94,0.3761,0.1024,0.1629,95.458,30.644,0,0.326771,0.328351,0.001289,0.9611,0.3637,0.000942,0.9511,0.2649
P059,-17.843056,-50.940809,Usina Decal,Centro,Argilosa,Pastagem,pastagem,SPD,Outono,2024-04-04 12:04:00,0,722.54,P059_R1,1,1.9449,409.1423,1.9583,411.0513,0.2506,0.1851,-0.021919,0.9716,15.552,28.953,0.1793,-0.018232,0.9616,3.3821,0.8202,3.2134,0.8102,0.2921,0.1669,0.1523,95.5,30.14,0,0.335158,0.33561,0.002325,0.5028,0.015,0.001448,0.4928,0.2764
P059,-17.843056,-50.940809,Usina Decal,Centro,Argilosa,Pastagem,pastagem,SPD,Outono,2024-04-04 14:42:00,0,722.54,P059_R2,2,1.8743,394.097,1.8761,394.1075,0.2085,0.1616,-0.004256,0.8803,16.4953,28.864,0.2029,-0.0059,0.8703,2.0043,0.9284,2.082,0.9184,0.2254,0.1068,0.1252,95.583,31.267,0,0.33077,0.331685,0.001711,0.8044,0.3202,0.001321,0.7944,0.2214
P065,-17.737716,-51.027066,ifgoiano,Centro,Media,Pastagem,milho,ILP,Outono,2024-04-04 16:54:00,0,710.47,P065_R1,1,1.939,399.3892,1.944,400.3808,0.1689,0.1562,0.011326,0.7881,14.7428,29.286,0.13,0.008832,0.7781,2.4653,0.9905,2.479,0.9805,0.2167,0.0889,0.1797,95.667,31.47,0,0.332721,0.333465,0.001996,0.8826,0.3413,0.001958,0.8726,0.3161
P058,-17.758714,-50.909882,IF-40,Norte,Argilosa,Pastagem,sorgo,SPD,Outono,2024-04-05 12:50:00,0,720.31,P058_R3,3,2.0013,403.2338,2.0112,407.5694,0.1855,0.1777,-0.023942,0.8815,14.6882,27.707,0.1649,-0.021592,0.8715,2.3958,0.9667,2.4116,0.9567,0.1734,0.136,0.1444,96.5,28.828,0,0.336937,0.336994,0.001622,0.8261,0.1484,0.001424,0.8161,0.409
P058,-17.758714,-50.909882,IF-40,Norte,Argilosa,Pastagem,sorgo,SPD,Outono,2024-04-05 16:26:00,0,720.31,P058_R1,1,1.982,415.4272,1.982,417.9005,0.2354,0.1567,-0.019562,0.7576,14.6311,26.548,0.2252,-0.019674,0.7476,2.6968,0.9379,2.7185,0.9279,0.2297,0.0095,0.1366,96.667,27.258,0,0.33097,0.330142,0.000897,0.6906,0.0988,0.001019,0.6806,0.3002
P058,-17.758714,-50.909882,IF-40,Norte,Argilosa,Pastagem,sorgo,SPD,Outono,2024-04-05 16:34:00,0,720.31,P058_R2,2,1.9859,401.9591,1.9844,405.1999,0.2629,0.1886,-0.004024,0.7881,14.8605,26.683,0.083,-0.005762,0.7781,2.6901,0.8538,2.7148,0.8438,0.2692,0.1871,0.1398,96.667,28.453,0,0.33421,0.334672,0.000609,0.8309,0.2076,0.000934,0.8209,0.2056
P022,-17.829685,-50.91527,IF-40,Norte,Media,Lavoura,sorgo,SPD,Outono,2024-04-06 10:16:00,0,743.07,P022_R3,3,1.9606,403.6148,1.9675,407.9593,0.1515,0.1439,-0.015362,0.8554,17.0106,31.024,0.3565,-0.015039,0.8454,3.4654,0.8795,3.4395,0.8695,0.2855,0.1297,0.1511,97.417,31.686,0,0.336952,0.338011,0.002239,0.7772,0.1676,0.002393,0.7672,0.2498
P022,-17.829685,-50.91527,IF-40,Norte,Media,Lavoura,sorgo,SPD,Outono,2024-04-06 11:20:00,0,743.07,P022_R2,2,1.9704,402.679,1.9728,403.3485,0.1605,0.1237,-0.026524,0.8576,15.6089,30.888,0.1156,-0.028412,0.8476,3.5229,0.9609,3.5134,0.9509,0.2205,0.1635,0.2072,97.458,30.663,0,0.336935,0.338353,0.0023,0.8585,0.0392,0.002339,0.8485,0.0686
P022,-17.829685,-50.91527,IF-40,Norte,Media,Lavoura,sorgo,SPD,Outono,2024-04-06 11:39:00,0,743.07,P022_R1,1,1.8888,416.1349,1.8914,421.6211,0.2013,0.1627,-0.025835,0.8362,15.4893,30.468,0.2225,-0.029114,0.8262,2.8605,0.9045,2.6795,0.8945,0.0874,0.1184,0.1129,97.458,31.069,0,0.340795,0.341561,0.000939,0.8765,0.2004,0.001283,0.8665,0.0422
P003,-17.747834,-50.94973,Usina Decal,Sudoeste,Argilosa,Lavoura,cana,SPD,Outono,2024-04-09 09:16:00,0,719.87,P003_R1,1,1.9333,402.9748,1.9342,402.1852,0.1957,0.1953,-0.00269,0.7632,14.0191,29.156,0.3814,0.001322,0.7532,2.8703,0.9288,2.9705,0.9188,0.177,0.1314,0.0873,100.375,29.681,1,0.33958,0.339492,0.001972,0.789,0.4077,0.001832,0.779,0.0937
P073,-17.741661,-50.844505,Mata do Lobo,Sudoeste,Argilosa,Pastagem,cana,ILP,Outono,2024-04-09 09:21:00,0,766.27,P073_R2,2,1.9668,405.7775,1.9719,408.2288,0.2044,0.1495,-0.014667,0.9066,14.3084,29.428,0.1533,-0.013255,0.8966,2.724,0.8819,2.6196,0.8719,0.1515,0.041,0.0573,100.375,29.958,0,0.333613,0.335079,0.000693,0.6195,0.2024,0.000515,0.6095,0.1999
P073,-17.741661,-50.844505,Mata do Lobo,Sudoeste,Argilosa,Pastagem,cana,ILP,Outono,2024-04-09 10:56:00,0,766.27,P073_R1,1,1.939,423.7847,1.9413,427.1714,0.1633,0.1842,0.006305,0.8948,14.757,29.37,0.0534,0.006933,0.8848,2.3106,0.8266,2.5503,0.8166,0.1642,0.2185,0.102,100.417,28.986,0,0.337278,0.338733,0.003201,0.8332,0.381,0.002967,0.8232,0.1178
P003,-17.747834,-50.94973,Usina Decal,Sudoeste,Argilosa,Lavoura,cana,SPD,Outono,2024-04-09 12:01:00,0,719.87,P003_R3,3,1.9676,411.2434,1.9664,414.8436,0.1983,0.2409,0.019596,0.7104,15.3639,29.231,0.0912,0.020753,0.7004,3.2275,0.944,3.4368,0.934,0.2042,0.1427,0.1432,100.5,31.541,0,0.335266,0.336419,0.00177,0.8727,0.1728,0.001547,0.8627,0.2108
P073,-17.741661,-50.844505,Mata do Lobo,Sudoeste,Argilosa,Pastagem,cana,ILP,Outono,2024-04-09 12:21:00,0,766.27,P073_R3,3,1.9562,410.7561,1.9624,413.4555,0.2384,0.1586,-0.01177,0.8132,15.5951,29.767,0.1144,-0.012556,0.8032,3.9065,0.8997,4.0356,0.8897,0.2102,0.1478,0.0654,100.5,30.621,0,0.341074,0.342007,0.002372,0.6587,0.3298,0.002336,0.6487,0.355
P003,-17.747834,-50.94973,Usina Decal,Sudoeste,Argilosa,Lavoura,cana,SPD,Outono,2024-04-09 13:47:00,0,719.87,P003_R2,2,1.8969,408.6987,1.898,409.7834,0.201,0.2604,-0.03034,0.9883,14.3109,29.413,0.2422,-0.033631,0.9783,2.5259,0.9371,2.7389,0.9271,0.1893,0.1077,0.1112,100.542,29.195,0,0.332353,0.331547,0.003994,0.6813,0.2635,0.004575,0.6713,0.1025
P021,-17.841396,-51.039018,Usina Decal,Centro,Media,Lavoura,milho,SPD,Outono,2024-04-10 08:11:00,0,710.51,P021_R3,3,1.9495,415.2704,1.9517,419.1093,0.2087,0.1674,-0.014343,0.6418,12.7568,27.053,0.2847,-0.016713,0.6318,2.9121,0.9483,2.9597,0.9383,0.1682,0.0961,0.163,101.333,29.975,0,0.342951,0.343323,0.001716,0.8005,0.1707,0.001702,0.7905,0.2514
P021,-17.841396,-51.039018,Usina Decal,Centro,Media,Lavoura,milho,SPD,Outono,2024-04-10 08:18:00,0,710.51,P021_R1,1,1.8988,411.7224,1.8981,411.1184,0.1822,0.1448,-0.021295,0.9137,12.7429,28.298,0.1884,-0.022003,0.9037,2.7837,0.8985,2.7197,0.8885,0.2616,0.1047,0.063,101.333,29.275,0,0.33954,0.339371,0.001076,0.7564,0.3897,0.001173,0.7464,0.0507
P021,-17.841396,-51.039018,Usina Decal,Centro,Media,Lavoura,milho,SPD,Outono,2024-04-10 08:24:00,0,710.51,P021_R2,2,1.9107,407.9835,1.9085,410.6811,0.1835,0.1534,-0.005911,0.8075,13.8907,28.128,0.1267,-0.005216,0.7975,1.8772,0.9154,1.9163,0.9054,0.0876,0.0974,0.1426,101.333,29.653,0,0.333551,0.333506,0.002462,0.999,0.2634,0.002479,0.989,0.3523
P018,-17.791822,-51.008359,Mata do Lobo,Norte,Media,Lavoura,soja,ILP,Outono,2024-04-10 16:09:00,1,729.71,P018_R1,1,1.9501,411.7917,1.9505,411.9437,0.2635,0.1831,-0.017446,0.768,15.8161,28.562,0.1288,-0.022291,0.758,2.9861,0.845,3.0311,0.835,0.2198,0.1814,0.1031,101.667,29.505,0,0.33641,0.335431,0.002724,0.7262,0.284,0.002797,0.7162,0.2259
P018,-17.791822,-51.008359,Mata do Lobo,Norte,Media,Lavoura,soja,ILP,Outono,2024-04-10 16:24:00,0,729.71,P018_R2,2,1.9267,413.2817,1.9293,413.0751,0.1216,0.1537,-0.057561,0.8035,14.1833,28.788,0.1709,-0.056851,0.7935,2.5174,0.9118,2.5315,0.9018,0.1533,0.152,0.1363,101.667,29.289,0,0.346873,0.346571,0.003313,0.5524,0.1187,0.003222,0.5424,0.1872
P018,-17.791822,-51.008359,Mata do Lobo,Norte,Media,Lavoura,soja,ILP,Outono,2024-04-10 16:49:00,0,729.71,P018_R3,3,1.9549,419.0188,1.9576,421.8249,0.1471,0.2061,-0.015371,0.8589,13.9239,28.466,0.2205,-0.019697,0.8489,2.9368,0.879,2.9338,0.869,0.138,0.1939,0.1636,101.667,31.505,0,0.330297,0.331227,0.001643,0.7411,0.0888,0.001826,0.7311,0.1823
P054,-17.796403,-50.934145,Usina Decal,Sudoeste,Media,Lavoura,soja,ILP,Outono,2024-04-11 08:28:00,0,707.24,P054_R1,1,1.923,399.0631,1.9261,400.8833,0.1629,0.2008,-0.063587,0.8502,15.1468,29.837,0.1733,-0.065042,0.8402,3.4957,0.882,3.4775,0.872,0.2529,0.2014,0.1977,102.333,31.348,0,0.333384,0.333219,0.003094,0.6496,0.2247,0.002757,0.6396,0.1524
P062,-17.680086,-50.870655,Usina Decal,Centro,Arenosa,Lavoura,sorgo,Convencional,Outono,2024-04-11 11:20:00,0,720.64,P062_R2,2,1.8708,409.8392,1.8762,410.5569,0.2464,0.2504,-0.034672,0.9339,14.4125,29.761,0.2356,-0.032683,0.9239,3.7905,0.8756,3.6065,0.8656,0.1835,0.0063,0.1513,102.458,31.066,0,0.329193,0.32999,0.000294,0.999,0.0392,0.000539,0.989,0.253
P048,-17.82834,-50.901764,Mata do Lobo,Norte,Media,Lavoura,sorgo,ILP,Outono,2024-04-11 11:52:00,0,720.53,P048_R1,1,2.0312,424.2483,2.0359,426.1419,0.1977,0.2496,-0.002298,0.8857,12.8825,25.927,0.2049,-0.002981,0.8757,3.1167,0.9521,3.0432,0.9421,0.229,0.2021,0.1822,102.458,27.714,0,0.336799,0.336093,0.002338,0.7697,0.2638,0.002361,0.7597,0.1502
P054,-17.796403,-50.934145,Usina Decal,Sudoeste,Media,Lavoura,soja,ILP,Outono,2024-04-11 13:43:00,0,707.24,P054_R2,2,1.9588,422.9303,1.951,424.2823,0.1087,0.1867,1.2e-05,0.9615,15.3982,30.629,0.1265,-0.000264,0.9515,3.9031,0.999,4.1263,0.989,0.4397,0.0867,0.127,102.542,30.944,0,0.330474,0.330195,0.001919,0.6059,0.212,0.001728,0.5959,0.1323
P048,-17.82834,-50.901764,Mata do Lobo,Norte,Media,Lavoura,sorgo,ILP,Outono,2024-04-11 14:14:00,0,720.53,P048_R2,2,1.9352,420.3045,1.9443,423.4634,0.2083,0.2449,0.019421,0.9444,14.3669,25.914,0.1835,0.020141,0.9344,2.4317,0.9365,2.5166,0.9265,0.1907,0.1571,0.1579,102.583,27.533,0,0.337338,0.336573,0.001673,0.969,0.2146,0.001824,0.959,0.259
P054,-17.796403,-50.934145,Usina Decal,Sudoeste,Media,Lavoura,soja,ILP,Outono,2024-04-11 16:16:00,0,707.24,P054_R3,3,1.9664,414.0912,1.9735,419.8101,0.204,0.1992,-0.01602,0.7324,14.1465,29.978,0.0731,-0.015263,0.7224,2.5293,0.9083,2.4693,0.8983,0.156,0.1003,0.167,102.667,31.564,0,0.337851,0.338808,0.001859,0.6799,0.258,0.001672,0.6699,0.1963
P062,-17.680086,-50.870655,Usina Decal,Centro,Arenosa,Lavoura,sorgo,Convencional,Outono,2024-04-11 16:32:00,1,720.64,P062_R3,3,1.9466,422.7595,1.945,428.1915,0.2587,0.218,-0.002685,0.8048,14.4461,29.138,0.12,-0.002156,0.7948,3.2385,0.9003,3.3911,0.8903,0.2564,0.0499,0.1197,102.667,29.516,0,0.344538,0.34537,0.002069,0.7246,0.3698,0.002059,0.7146,0.0079
P048,-17.82834,-50.901764,Mata do Lobo,Norte,Media,Lavoura,sorgo,ILP,Outono,2024-04-11 16:36:00,0,720.53,P048_R3,3,1.9167,406.6185,1.905,412.7069,0.1862,0.2069,-0.031355,0.913,13.7275,26.075,0.0392,-0.031481,0.903,4.2033,0.893,4.2624,0.883,0.1058,0.0683,0.0852,102.667,29.168,0,0.332246,0.332344,0.001757,0.7102,0.0635,0.001926,0.7002,0.2713
P062,-17.680086,-50.870655,Usina Decal,Centro,Arenosa,Lavoura,sorgo,Convencional,Outono,2024-04-11 16:49:00,0,720.64,P062_R1,1,1.938,423.7448,1.9424,423.6467,0.2109,0.248,0.002177,0.8265,14.641,29.008,0.3968,0.001717,0.8165,4.2521,0.9426,4.2724,0.9326,0.1234,0.2054,0.067,102.667,30.616,0,0.335263,0.336656,0.002812,0.7558,0.0996,0.002874,0.7458,0.2297
P008,-17.717414,-50.956066,Usina Decal,Centro,Arenosa,Pastagem,cana,Convencional,Outono,2024-04-12 09:25:00,0,709.11,P008_R1,1,1.9109,403.3864,1.9071,403.1409,0.2133,0.2462,-0.026857,0.9018,15.8247,29.182,0.0972,-0.027028,0.8918,3.9684,0.9089,3.9439,0.8989,0.1027,0.1551,0.1195,103.375,28.88,0,0.323398,0.323537,0.003244,0.7786,0.2188,0.003049,0.7686,0.0837
P008,-17.717414,-50.956066,Usina Decal,Centro,Arenosa,Pastagem,cana,Convencional,Outono,2024-04-12 12:37:00,1,709.11,P008_R3,3,2.0524,401.8795,2.0502,407.1835,0.1805,0.2325,0.013094,0.7476,15.2104,29.997,0.2887,0.015,0.7376,3.7695,0.8922,3.8138,0.8822,0.201,0.2064,0.1975,103.5,31.258,3,0.343926,0.34551,0.003037,0.9482,0.2455,0.003164,0.9382,0.2603
P008,-17.717414,-50.956066,Usina Decal,Centro,Arenosa,Pastagem,cana,Convencional,Outono,2024-04-12 13:24:00,0,709.11,P008_R2,2,1.9039,398.0269,1.9093,400.8508,0.2059,0.2195,-0.009392,0.7204,16.1677,29.599,0.275,-0.007746,0.7104,2.5839,0.9604,2.6286,0.9504,0.2079,0.1701,0.037,103.542,29.275,2,0.342306,0.341994,0.002157,0.5553,0.1179,0.002212,0.5453,0.3331
P053,-17.786038,-50.938506,ifgoiano,Sudoeste,Argilosa,Pastagem,cana,ILP,Outono,2024-04-13 09:57:00,0,740.62,P053_R3,3,2.0038,407.9779,2.0011,410.1573,0.1644,0.2361,-0.011554,0.835,13.9173,26.796,0.2436,-0.011444,0.825,3.7894,0.9504,3.8936,0.9404,0.2643,0.1205,0.1593,104.375,28.704,0,0.346559,0.346757,0.001333,0.7565,0.3846,0.001511,0.7465,0.22
P053,-17.786038,-50.938506,ifgoiano,Sudoeste,Argilosa,Pastagem,cana,ILP,Outono,2024-04-13 10:40:00,0,740.62,P053_R2,2,1.9945,393.0472,1.9938,397.2771,0.1947,0.2069,0.010855,0.7989,13.7981,27.233,0.2368,0.010972,0.7889,3.9216,0.8708,3.8938,0.8608,0.1413,0.109,0.0812,104.417,29.02,0,0.331615,0.332176,0.002209,0.79,0.3505,0.002223,0.78,0.0964
P075,-17.737866,-50.975502,IF-40,Sudoeste,Media,Lavoura,cana,Convencional,Outono,2024-04-13 11:07:00,0,742.73,P075_R2,2,1.9626,406.4707,1.9611,409.7751,0.2313,0.2567,-0.016981,0.8349,14.3962,28.466,0.2477,-0.020197,0.8249,2.6755,0.8915,2.6182,0.8815,0.2059,0.1616,0.1569,104.458,30.237,0,0.336021,0.337189,0.003173,0.6788,0.2939,0.002979,0.6688,0.1876
P075,-17.737866,-50.975502,IF-40,Sudoeste,Media,Lavoura,cana,Convencional,Outono,2024-04-13 11:32:00,0,742.73,P075_R1,1,2.0401,411.0779,2.0421,412.5959,0.2088,0.2531,-0.003773,0.7406,15.3707,28.898,0.1735,-0.005022,0.7306,2.5297,0.9284,2.5207,0.9184,0.3235,0.1129,0.1056,104.458,31.366,0,0.339252,0.339662,0.002673,0.9591,0.1857,0.002678,0.9491,0.3786
P037,-17.743355,-50.916724,ifgoiano,Norte,Media,Pastagem,cana,SPD,Outono,2024-04-13 11:56:00,0,722.24,P037_R2,2,1.8838,413.0778,1.8932,415.3095,0.0992,0.1253,-0.009497,0.8782,13.7706,28.728,0.1587,-0.013504,0.8682,3.4589,0.9289,3.4941,0.9189,0.2839,0.1402,0.2103,104.458,31.482,0,0.327298,0.327749,0.002361,0.7646,0.1551,0.002294,0.7546,0.1639
P075,-17.737866,-50.975502,IF-40,Sudoeste,Media,Lavoura,cana,Convencional,Outono,2024-04-13 12:12:00,0,742.73,P075_R3,3,1.9589,400.9743,1.9539,403.1455,0.2021,0.2597,-0.022982,0.749,14.8703,29.076,0.2535,-0.02103,0.739,3.1193,0.9257,3.1108,0.9157,0.1102,0.0731,0.1831,104.5,30.336,0,0.332923,0.332571,0.002417,0.8339,0.1862,0.002532,0.8239,0.1722
P053,-17.786038,-50.938506,ifgoiano,Sudoeste,Argilosa,Pastagem,cana,ILP,Outono,2024-04-13 13:13:00,0,740.62,P053_R1,1,1.8674,403.8307,1.8641,405.039,0.2533,0.2254,0.014737,0.9376,12.7541,27.563,0.1786,0.017448,0.9276,1.8309,0.9274,1.6182,0.9174,0.2058,0.1216,0.1105,104.542,29.634,0,0.329379,0.32998,0.001198,0.7069,0.1927,0.001197,0.6969,0.2434
P037,-17.743355,-50.916724,ifgoiano,Norte,Media,Pastagem,cana,SPD,Outono,2024-04-13 14:24:00,0,722.24,P037_R3,3,1.9394,407.9782,1.9377,412.45,0.1953,0.1078,-0.022433,0.9081,12.8018,28.265,0.1742,-0.018289,0.8981,2.5808,0.9625,2.4552,0.9525,0.2272,0.1382,0.0351,104.583,30.506,0,0.337049,0.338523,0.002778,0.8585,0.1592,0.002921,0.8485,0.2586
P037,-17.743355,-50.916724,ifgoiano,Norte,Media,Pastagem,cana,SPD,Outono,2024-04-13 16:26:00,0,722.24,P037_R1,1,1.9384,418.6345,1.9458,419.4692,0.2258,0.1363,0.012573,0.8,14.3182,27.9,0.1556,0.012029,0.79,1.8612,0.8503,1.8774,0.8403,0.201,0.1378,0.127,104.667,30.203,0,0.337973,0.338782,0.001911,0.8876,0.2646,0.00202,0.8776,0.3057
P060,-17.72277,-50.900058,Mata do Lobo,Centro,Media,Pastagem,sorgo,ILP,Inverno,2024-04-16 09:42:00,1,720.51,P060_R3,3,1.9473,414.6811,1.9513,422.0888,0.2569,0.3221,-0.013016,0.8929,13.0978,24.371,0.29,-0.013851,0.8829,2.8787,0.999,3.0097,0.989,0.1646,0.0836,0.1314,107.375,26.834,0,0.340552,0.341545,0.000908,0.6888,0.3327,0.000672,0.6788,0.3525
P060,-17.72277,-50.900058,Mata do Lobo,Centro,Media,Pastagem,sorgo,ILP,Inverno,2024-04-16 13:28:00,0,720.51,P060_R2,2,1.9827,414.6682,1.9752,418.3709,0.2721,0.2534,-0.000738,0.8349,14.0531,25.218,0.3729,0.000236,0.8249,2.1782,0.8776,2.1652,0.8676,0.3542,0.0504,0.1002,107.542,27.624,0,0.337604,0.337003,0.002747,0.8122,0.2766,0.002977,0.8022,0.2053
P060,-17.72277,-50.900058,Mata do Lobo,Centro,Media,Pastagem,sorgo,ILP,Inverno,2024-04-16 13:34:00,0,720.51,P060_R1,1,2.0785,413.0628,2.0793,413.9007,0.2143,0.2924,-0.001866,0.9418,14.1177,25.126,0.1826,0.000526,0.9318,3.4004,0.8928,3.4476,0.8828,0.1731,0.0121,0.1321,107.542,24.121,1,0.327458,0.327388,0.002087,0.6465,0.3571,0.002723,0.6365,0.0542
P029,-17.78707,-50.926622,ifgoiano,Sudoeste,Media,Pastagem,sorgo,Convencional,Inverno,2024-04-17 09:05:00,0,722.87,P029_R1,1,1.9415,402.7615,1.9365,402.0649,0.2081,0.2019,-0.012312,0.9018,13.461,27.116,0.2616,-0.013521,0.8918,3.7657,0.8774,3.7195,0.8674,0.1624,0.0312,0.1823,108.375,28.319,0,0.344206,0.343465,0.001073,0.6968,0.336,0.001026,0.6868,0.2233
P029,-17.78707,-50.926622,ifgoiano,Sudoeste,Media,Pastagem,sorgo,Convencional,Inverno,2024-04-17 13:12:00,0,722.87,P029_R2,2,1.8901,418.6321,1.8955,421.5294,0.2064,0.2444,-0.018052,0.9116,12.2079,26.567,0.1605,-0.015385,0.9016,2.4052,0.9613,2.2435,0.9513,0.4108,0.1488,0.1086,108.542,28.159,0,0.338194,0.339491,0.001568,0.8768,0.2036,0.001429,0.8668,0.2956
P029,-17.78707,-50.926622,ifgoiano,Sudoeste,Media,Pastagem,sorgo,Convencional,Inverno,2024-04-17 15:11:00,0,722.87,P029_R3,3,1.9692,418.5278,1.9714,422.144,0.2684,0.2163,-0.012646,0.8294,13.2534,26.786,0.1592,-0.015004,0.8194,2.4654,0.948,2.6133,0.938,0.1214,0.0878,0.1737,108.625,28.687,0,0.335472,0.335911,0.001453,0.8373,0.317,0.001673,0.8273,0.1544
P077,-17.681355,-50.93784,ifgoiano,Sudoeste,Media,Lavoura,milho,ILP,Inverno,2024-04-18 09:37:00,0,753.4,P077_R2,2,1.9137,408.3601,1.9086,407.9518,0.2614,0.2743,-0.004632,0.8427,11.7385,24.797,0.1204,-0.005934,0.8327,2.5963,0.8499,2.517,0.8399,0.2012,0.1146,0.0629,109.375,25.596,0,0.329677,0.330072,0.002788,0.6564,0.2582,0.002756,0.6464,0.2972
P077,-17.681355,-50.93784,ifgoiano,Sudoeste,Media,Lavoura,milho,ILP,Inverno,2024-04-18 09:54:00,0,753.4,P077_R3,3,2.0902,402.7112,2.0897,403.4747,0.2378,0.261,-0.023534,0.8265,14.4399,24.232,0.1681,-0.024946,0.8165,2.6206,0.8824,2.7016,0.8724,0.2165,0.1307,0.14,109.375,24.547,0,0.333635,0.332319,0.002489,0.6536,0.2749,0.002139,0.6436,0.0954
P077,-17.681355,-50.93784,ifgoiano,Sudoeste,Media,Lavoura,milho,ILP,Inverno,2024-04-18 11:17:00,0,753.4,P077_R1,1,2.0143,395.1409,2.0182,397.1395,0.2291,0.2739,-0.005056,0.8049,13.026,24.434,0.2788,-0.004454,0.7949,2.5079,0.9536,2.2956,0.9436,0.1647,0.0969,0.134,109.458,26.379,0,0.333255,0.334651,0.001031,0.7394,0.2159,0.001061,0.7294,0.2863
P034,-17.790322,-50.878762,Usina Decal,Norte,Media,Lavoura,sorgo,Convencional,Inverno,2024-04-19 08:48:00,0,709.54,P034_R3,3,1.9343,409.6886,1.9351,414.9107,0.2304,0.3,-0.024377,0.8054,14.2134,26.546,0.2607,-0.021493,0.7954,2.8419,0.9584,2.6502,0.9484,0.1675,0.083,0.1837,110.333,25.846,0,0.330908,0.331666,0.000644,0.9105,0.0841,0.000491,0.9005,0.1371
P009,-17.845133,-50.93256,ifgoiano,Sudoeste,Argilosa,Pastagem,pastagem,Convencional,Inverno,2024-04-19 08:55:00,0,718.01,P009_R3,3,1.9319,417.752,1.9345,422.7149,0.371,0.2878,0.002671,0.7945,14.5299,26.197,0.1474,-0.00314,0.7845,2.9587,0.9242,2.9924,0.9142,0.2223,0.0529,0.1277,110.333,27.131,0,0.332551,0.333674,0.002739,0.8631,0.1615,0.002543,0.8531,0.1392
P034,-17.790322,-50.878762,Usina Decal,Norte,Media,Lavoura,sorgo,Convencional,Inverno,2024-04-19 10:19:00,0,709.54,P034_R2,2,1.8924,417.2733,1.8953,418.3942,0.2509,0.2581,-0.022544,0.9273,15.2215,27.31,0.1282,-0.026594,0.9173,3.3082,0.8497,3.3419,0.8397,0.173,0.1371,0.0862,110.417,29.403,0,0.340568,0.341375,0.002893,0.743,0.3844,0.00293,0.733,0.2507
P049,-17.810272,-50.854024,IF-40,Centro,Media,Pastagem,milho,SPD,Inverno,2024-04-19 11:42:00,0,704.66,P049_R3,3,1.9776,403.546,1.9855,406.3047,0.2699,0.2937,0.011134,0.8215,14.397,26.937,0.1543,0.01006,0.8115,2.7604,0.9175,2.9241,0.9075,0.1739,0.1765,0.1462,110.458,28.158,0,0.337132,0.337326,0.002583,0.8047,0.1142,0.002614,0.7947,0.2244
P057,-17.733639,-50.861955,Mata do Lobo,Centro,Arenosa,Pastagem,milho,SPD,Inverno,2024-04-19 12:25:00,0,678.92,P057_R3,3,2.0208,410.132,2.0328,414.9258,0.2286,0.3361,-0.005695,0.8972,14.6172,26.867,0.1406,-0.012759,0.8872,2.6968,0.89,2.6246,0.88,0.1406,0.0816,0.0755,110.5,27.94,0,0.339037,0.339374,0.00243,0.8523,0.0025,0.002322,0.8423,0.2474
P057,-17.733639,-50.861955,Mata do Lobo,Centro,Arenosa,Pastagem,milho,SPD,Inverno,2024-04-19 14:45:00,0,678.92,P057_R2,2,1.9137,401.7632,1.9217,401.3791,0.2528,0.3216,-0.005175,0.8797,13.1016,26.93,0.1417,-0.008365,0.8697,3.7739,0.9938,3.8297,0.9838,0.2215,0.1051,0.1107,110.583,29.836,0,0.33785,0.33895,0.002407,0.8725,0.2674,0.002212,0.8625,0.1339
P049,-17.810272,-50.854024,IF-40,Centro,Media,Pastagem,milho,SPD,Inverno,2024-04-19 15:01:00,0,704.66,P049_R2,2,2.0307,401.2369,2.0292,402.702,0.2681,0.3057,-0.030555,0.8403,14.6196,26.552,0.1725,-0.03114,0.8303,2.6694,0.8828,2.5411,0.8728,0.2634,0.1558,0.1304,110.625,27.3,0,0.335505,0.335585,0.001892,0.8161,0.3279,0.002114,0.8061,0.191
P034,-17.790322,-50.878762,Usina Decal,Norte,Media,Lavoura,sorgo,Convencional,Inverno,2024-04-19 15:08:00,0,709.54,P034_R1,1,1.9521,405.6132,1.9477,407.8695,0.2496,0.2609,0.01462,0.8704,14.2787,26.896,0.175,0.021323,0.8604,3.2351,0.8278,3.1034,0.8178,0.1641,0.0743,0.0574,110.625,29.212,0,0.334692,0.335806,0.002951,0.7208,0.2816,0.003237,0.7108,0.391
P057,-17.733639,-50.861955,Mata do Lobo,Centro,Arenosa,Pastagem,milho,SPD,Inverno,2024-04-19 15:17:00,0,678.92,P057_R1,1,1.9187,415.7243,1.9245,417.0727,0.2206,0.3372,-0.020582,0.8887,13.2971,25.689,0.2382,-0.017525,0.8787,2.1769,0.9362,2.2084,0.9262,0.1434,0.0535,0.1881,110.625,27.157,0,0.331577,0.333707,0.001676,0.7794,0.2147,0.001541,0.7694,0.0798
P049,-17.810272,-50.854024,IF-40,Centro,Media,Pastagem,milho,SPD,Inverno,2024-04-19 15:30:00,0,704.66,P049_R1,1,1.9996,402.443,2.0011,402.9709,0.2084,0.2781,-0.016933,0.9209,13.813,26.107,0.3282,-0.019768,0.9109,2.3701,0.999,2.3771,0.989,0.1643,0.1598,0.002,110.625,27.418,0,0.337134,0.337367,0.000836,0.9104,0.1413,0.000765,0.9004,0.2958
P009,-17.845133,-50.93256,ifgoiano,Sudoeste,Argilosa,Pastagem,pastagem,Convencional,Inverno,2024-04-19 16:34:00,0,718.01,P009_R1,1,1.9756,399.9975,1.9757,398.5174,0.1949,0.2764,-0.005188,0.8394,13.5137,26.162,0.1974,-0.007723,0.8294,3.5285,0.975,3.6311,0.965,0.2202,0.104,0.1011,110.667,27.065,0,0.336956,0.338053,0.001266,0.6556,0.1998,0.001335,0.6456,0.1896
P009,-17.845133,-50.93256,ifgoiano,Sudoeste,Argilosa,Pastagem,pastagem,Convencional,Inverno,2024-04-19 16:56:00,0,718.01,P009_R2,2,2.0219,406.1501,2.0142,405.3751,0.246,0.2724,0.015649,0.7785,13.9807,26.269,0.327,0.00763,0.7685,2.9128,0.8824,2.9011,0.8724,0.2028,0.1914,0.2253,110.667,26.857,0,0.32919,0.329813,0.002442,0.7474,0.1864,0.002754,0.7374,0.4154
P061,-17.792458,-50.919732,IF-40,Norte,Argilosa,Pastagem,soja,SPD,Inverno,2024-04-21 11:13:00,0,700.61,P061_R1,1,1.8994,405.5011,1.9031,407.4008,0.1939,0.218,-0.005653,0.8337,12.6088,25.926,0.2572,-0.00646,0.8237,3.0504,0.9273,3.0091,0.9173,0.1569,0.1454,0.1104,112.458,27.306,0,0.344461,0.345468,0.002098,0.591,0.4728,0.002166,0.581,0.1291
P061,-17.792458,-50.919732,IF-40,Norte,Argilosa,Pastagem,soja,SPD,Inverno,2024-04-21 14:36:00,0,700.61,P061_R2,2,1.9483,403.8346,1.9485,405.361,0.197,0.208,0.00183,0.9019,11.3853,25.41,0.158,0.004716,0.8919,2.7377,0.9737,2.8816,0.9637,0.2909,0.0779,0.1289,112.583,27.651,0,0.327867,0.328458,0.002766,0.6345,0.298,0.00288,0.6245,0.3715
P061,-17.792458,-50.919732,IF-40,Norte,Argilosa,Pastagem,soja,SPD,Inverno,2024-04-21 15:03:00,0,700.61,P061_R3,3,2.0162,407.7002,2.0195,414.3269,0.2211,0.2035,-0.034749,0.821,12.8216,25.573,0.2426,-0.031418,0.811,2.5654,0.9766,2.5676,0.9666,0.358,0.117,0.1484,112.625,25.754,0,0.337304,0.340162,0.001205,0.7749,0.3754,0.001076,0.7649,0.3297
P068,-17.707136,-50.894442,IF-40,Centro,Argilosa,Lavoura,cana,SPD,Inverno,2024-04-28 08:44:00,0,726.23,P068_R1,1,1.9329,404.7062,1.9309,406.8994,0.1624,0.1683,-0.028378,0.8467,12.6433,24.227,0.3584,-0.025346,0.8367,2.0414,0.8214,1.9646,0.8114,0.424,0.1426,0.2024,119.333,25.555,0,0.343619,0.343865,0.000858,0.8668,0.3451,0.000639,0.8568,0.3158
P046,-17.784045,-50.919982,IF-40,Norte,Arenosa,Mata,Mata,Nativo,Inverno,2024-04-28 10:02:00,0,691.3,P046_R1,1,1.9669,412.8197,1.9568,413.1251,0.2246,0.2783,-0.004526,0.7289,12.3872,24.088,0.074,-0.00919,0.7189,3.682,0.8099,3.664,0.7999,0.238,0.0964,0.1456,119.417,27.151,0,0.333151,0.334226,0.000628,0.7668,0.4145,0.000401,0.7568,0.1708
P028,-17.818562,-50.847131,Usina Decal,Sudoeste,Arenosa,Lavoura,milho,Convencional,Inverno,2024-04-28 10:51:00,0,702.89,P028_R3,3,1.8545,420.2947,1.8566,422.3467,0.235,0.2587,0.001615,0.9449,12.2677,27.06,0.212,0.002052,0.9349,3.8147,0.9618,3.9101,0.9518,0.1909,0.1112,0.1451,119.417,28.369,0,0.328603,0.32921,0.002476,0.8011,0.0662,0.002304,0.7911,0.2349
P068,-17.707136,-50.894442,IF-40,Centro,Argilosa,Lavoura,cana,SPD,Inverno,2024-04-28 11:38:00,0,726.23,P068_R2,2,1.9157,404.7847,1.9076,406.9782,0.2039,0.1993,-0.0046,0.9379,12.6862,25.335,0.2817,-0.003943,0.9279,1.7085,0.9305,1.6202,0.9205,0.1755,0.1388,0.1155,119.458,27.153,0,0.337067,0.336503,0.002398,0.8719,0.0146,0.002549,0.8619,0.3553
P068,-17.707136,-50.894442,IF-40,Centro,Argilosa,Lavoura,cana,SPD,Inverno,2024-04-28 12:17:00,0,726.23,P068_R3,3,1.8721,407.4543,1.8797,412.0735,0.1725,0.2387,0.021477,0.7974,11.8253,24.416,0.1611,0.012974,0.7874,2.3852,0.9137,2.3821,0.9037,0.1994,0.1514,0.1217,119.5,25.729,0,0.338249,0.338803,0.000879,0.7864,0.1747,0.00088,0.7764,0.066
P046,-17.784045,-50.919982,IF-40,Norte,Arenosa,Mata,Mata,Nativo,Inverno,2024-04-28 13:45:00,0,691.3,P046_R3,3,1.9883,419.2507,1.9856,421.8072,0.2555,0.2861,-0.015977,0.9178,13.2435,24.191,0.0682,-0.016136,0.9078,3.5881,0.999,3.4491,0.989,0.0273,0.1609,0.1467,119.542,26.778,0,0.327891,0.329373,0.0,0.7377,0.1238,0.000106,0.7277,0.2363
P028,-17.818562,-50.847131,Usina Decal,Sudoeste,Arenosa,Lavoura,milho,Convencional,Inverno,2024-04-28 13:57:00,0,702.89,P028_R2,2,1.8996,413.5985,1.894,415.4774,0.2491,0.2767,-0.010746,0.8308,13.2406,27.478,0.2207,-0.010805,0.8208,3.2026,0.9443,3.1627,0.9343,0.2986,0.1983,0.1527,119.542,28.834,0,0.3315,0.331762,0.001808,0.8165,0.0427,0.001946,0.8065,0.2178
P046,-17.784045,-50.919982,IF-40,Norte,Arenosa,Mata,Mata,Nativo,Inverno,2024-04-28 14:17:00,0,691.3,P046_R2,2,2.014,411.4591,2.0098,412.4744,0.2523,0.2558,-0.032126,0.8073,11.2653,24.236,0.0442,-0.032272,0.7973,3.3516,0.9835,3.3051,0.9735,0.2597,0.1172,0.1232,119.583,27.013,0,0.329623,0.330423,0.000659,0.8045,0.3628,0.000522,0.7945,0.1648
P028,-17.818562,-50.847131,Usina Decal,Sudoeste,Arenosa,Lavoura,milho,Convencional,Inverno,2024-04-28 15:05:00,0,702.89,P028_R1,1,1.9007,410.7213,1.9072,411.9292,0.3164,0.3155,0.009199,0.8375,13.1976,27.036,0.2033,0.007443,0.8275,3.0288,0.9924,3.0074,0.9824,0.0482,0.0943,0.0771,119.625,28.502,0,0.334722,0.335988,0.002969,0.944,0.4593,0.002952,0.934,0.3687
P072,-17.748487,-50.815633,Usina Decal,Norte,Arenosa,Mata,Mata,Nativo,Inverno,2024-04-29 10:04:00,0,719.56,P072_R2,2,1.9971,398.9469,1.9991,400.0716,0.2996,0.3197,-0.014837,0.8542,11.5357,23.467,0.1326,-0.017036,0.8442,2.8938,0.922,2.7478,0.912,0.0696,0.1515,0.2369,120.417,24.668,0,0.334538,0.334175,0.001566,0.999,0.2885,0.001399,0.989,0.1558
P032,-17.711694,-50.987392,IF-40,Sudoeste,Media,Mata,Mata,Nativo,Inverno,2024-04-29 10:22:00,0,713.37,P032_R2,2,1.9313,411.6068,1.9374,414.7911,0.289,0.3876,-0.013634,0.9443,11.2288,22.297,0.1936,-0.014987,0.9343,4.2393,0.9042,4.1459,0.8942,0.2205,0.2436,0.1302,120.417,23.403,0,0.337427,0.339165,0.000421,0.7999,0.191,0.000333,0.7899,0.2835
P072,-17.748487,-50.815633,Usina Decal,Norte,Arenosa,Mata,Mata,Nativo,Inverno,2024-04-29 10:29:00,0,719.56,P072_R3,3,2.0023,408.3983,1.9979,410.5292,0.2047,0.3138,-0.024057,0.8346,14.089,23.713,0.0182,-0.02371,0.8246,3.0833,0.8926,3.1038,0.8826,0.2109,0.0785,0.148,120.417,24.075,0,0.334849,0.335565,0.001346,0.7709,0.1639,0.001634,0.7609,0.36
P032,-17.711694,-50.987392,IF-40,Sudoeste,Media,Mata,Mata,Nativo,Inverno,2024-04-29 11:46:00,0,713.37,P032_R1,1,1.9217,417.898,1.9244,420.6838,0.2907,0.4096,0.008192,0.842,11.8873,22.771,0.2086,0.007681,0.832,3.1555,0.9336,3.3056,0.9236,0.2111,0.0585,0.1543,120.458,24.366,0,0.331845,0.330509,0.001465,0.8372,0.3292,0.001612,0.8272,0.2304
P072,-17.748487,-50.815633,Usina Decal,Norte,Arenosa,Mata,Mata,Nativo,Inverno,2024-04-29 13:36:00,0,719.56,P072_R1,1,1.9538,422.3715,1.9517,424.2932,0.3018,0.3652,0.005134,0.8501,13.0646,24.689,0.1615,0.004531,0.8401,3.2218,0.8957,3.3305,0.8857,0.182,0.0347,0.1111,120.542,25.153,0,0.333554,0.333972,0.001358,0.7921,0.2995,0.001115,0.7821,0.2562
P032,-17.711694,-50.987392,IF-40,Sudoeste,Media,Mata,Mata,Nativo,Inverno,2024-04-29 14:27:00,0,713.37,P032_R3,3,1.9071,420.141,1.9032,421.153,0.2981,0.3796,0.003886,0.9491,10.4238,21.987,0.1173,0.002473,0.9391,3.2381,0.9685,3.1272,0.9585,0.3063,0.1669,0.0733,120.583,24.104,0,0.334955,0.336694,0.001867,0.7135,0.4026,0.001635,0.7035,0.1744
P047,-17.779034,-50.859982,IF-40,Norte,Argilosa,Lavoura,soja,Convencional,Inverno,2024-05-01 08:30:00,0,720.17,P047_R2,2,1.9714,401.5966,1.9685,406.636,0.2397,0.2747,-0.030738,0.7454,12.4205,24.654,0.3081,-0.032174,0.7354,2.032,0.9743,2.0643,0.9643,0.1266,0.0849,0.0796,122.333,27.509,0,0.333399,0.333411,0.000174,0.8597,0.295,0.000223,0.8497,0.3006
P047,-17.779034,-50.859982,IF-40,Norte,Argilosa,Lavoura,soja,Convencional,Inverno,2024-05-01 12:17:00,0,720.17,P047_R3,3,1.942,416.4729,1.9391,417.4647,0.2178,0.2956,0.014352,0.8732,13.3567,25.164,0.1794,0.01079,0.8632,2.7168,0.9654,2.7243,0.9554,0.2241,0.0451,0.0843,122.5,27.427,0,0.333555,0.33471,0.001909,0.9594,0.2566,0.001947,0.9494,0.1293
P047,-17.779034,-50.859982,IF-40,Norte,Argilosa,Lavoura,soja,Convencional,Inverno,2024-05-01 12:43:00,0,720.17,P047_R1,1,1.9606,405.3939,1.9668,406.5139,0.3397,0.2819,-0.005663,0.9209,12.7357,25.394,0.2006,-0.006608,0.9109,3.3712,0.999,3.4251,0.989,0.2311,0.1456,0.1679,122.5,26.68,0,0.336908,0.336715,0.003992,0.7122,0.1683,0.003829,0.7022,0.2616
P024,-17.844345,-50.850859,ifgoiano,Centro,Arenosa,Lavoura,pastagem,SPD,Inverno,2024-05-02 08:04:00,0,696.91,P024_R1,1,1.919,413.9384,1.9195,414.0214,0.2183,0.301,0.008231,0.8941,11.8419,25.089,0.1911,0.001087,0.8841,2.1885,0.9742,2.18,0.9642,0.2631,0.0808,0.1539,123.333,27.343,0,0.327089,0.328322,0.002946,0.5423,0.2005,0.00271,0.5323,0.3008
P033,-17.806112,-50.890941,Usina Decal,Centro,Media,Lavoura,pastagem,ILP,Inverno,2024-05-02 08:45:00,0,746.32,P033_R1,1,1.9644,416.2362,1.9644,416.4361,0.2564,0.2941,-0.001135,0.7919,14.3264,24.777,0.1264,0.000928,0.7819,1.974,0.9406,2.0074,0.9306,0.1579,0.1534,0.0988,123.333,27.57,0,0.338744,0.338385,0.002468,0.817,0.2252,0.002516,0.807,0.1275
P024,-17.844345,-50.850859,ifgoiano,Centro,Arenosa,Lavoura,pastagem,SPD,Inverno,2024-05-02 09:06:00,0,696.91,P024_R2,2,1.9563,417.2671,1.9674,417.75,0.2503,0.2673,-0.006377,0.9277,12.0228,24.783,0.2713,-0.003062,0.9177,1.4132,0.999,1.5368,0.989,0.2932,0.1423,0.1087,123.375,26.788,0,0.319681,0.319844,0.002093,0.622,0.3403,0.002184,0.612,0.3328
P001,-17.877552,-50.995109,IF-40,Norte,Arenosa,Pastagem,soja,SPD,Inverno,2024-05-02 09:33:00,0,723.2,P001_R2,2,1.9936,411.7495,1.9955,415.1679,0.2185,0.2902,-0.010539,0.7154,13.6488,25.542,0.2269,-0.01195,0.7054,3.2221,0.9684,3.0764,0.9584,0.1721,0.1281,0.1697,123.375,27.135,0,0.336118,0.336949,0.001611,0.7465,0.2911,0.001556,0.7365,0.1938
P045,-17.819527,-50.880946,Mata do Lobo,Centro,Arenosa,Pastagem,sorgo,SPD,Inverno,2024-05-02 09:45:00,0,676.56,P045_R2,2,1.9726,410.5982,1.9825,412.009,0.2028,0.3316,-0.014474,0.6598,13.0718,26.844,0.1835,-0.016258,0.6498,2.9981,0.9368,3.1077,0.9268,0.1958,0.1219,0.1286,123.375,29.369,0,0.333693,0.334142,0.002574,0.8126,0.2446,0.002574,0.8026,0.3013
P033,-17.806112,-50.890941,Usina Decal,Centro,Media,Lavoura,pastagem,ILP,Inverno,2024-05-02 10:37:00,0,746.32,P033_R2,2,1.9628,408.1798,1.9685,411.1383,0.3394,0.3211,0.002555,0.8289,13.5187,26.27,0.1759,-0.000172,0.8189,4.1795,0.999,4.2034,0.989,0.2541,0.0851,0.1577,123.417,30.195,0,0.333011,0.33352,0.002752,0.6343,0.2747,0.002725,0.6243,0.1755
P033,-17.806112,-50.890941,Usina Decal,Centro,Media,Lavoura,pastagem,ILP,Inverno,2024-05-02 11:39:00,0,746.32,P033_R3,3,1.9988,415.5089,1.9924,420.2741,0.2123,0.2979,0.002676,0.7715,12.2689,25.643,0.071,-0.000285,0.7615,3.0028,0.8516,3.0655,0.8416,0.2069,0.1021,0.0889,123.458,27.994,0,0.335197,0.336787,0.000986,0.7077,0.0778,0.000843,0.6977,0.1219
P045,-17.819527,-50.880946,Mata do Lobo,Centro,Arenosa,Pastagem,sorgo,SPD,Inverno,2024-05-02 13:10:00,0,676.56,P045_R3,3,1.9033,410.9317,1.9081,416.0993,0.2718,0.4009,-0.01738,0.8523,13.9751,26.687,0.2697,-0.012794,0.8423,2.4852,0.8965,2.6688,0.8865,0.1552,0.0181,0.1058,123.542,26.991,0,0.332788,0.334142,0.003776,0.755,0.2119,0.003891,0.745,0.2758
P045,-17.819527,-50.880946,Mata do Lobo,Centro,Arenosa,Pastagem,sorgo,SPD,Inverno,2024-05-02 14:32:00,0,676.56,P045_R1,1,1.91,406.1792,1.9099,409.1161,0.2627,0.3628,0.03422,0.9627,14.8811,27.033,0.1429,0.035401,0.9527,2.7891,0.8721,2.8286,0.8621,0.1429,0.1599,0.2146,123.583,27.996,0,0.336713,0.335996,0.002472,0.5261,0.179,0.002626,0.5161,0.172
P001,-17.877552,-50.995109,IF-40,Norte,Arenosa,Pastagem,soja,SPD,Inverno,2024-05-02 14:58:00,0,723.2,P001_R3,3,1.9845,411.1394,1.9901,414.9772,0.1816,0.2538,-0.01423,0.8857,12.4431,25.406,0.1461,-0.015375,0.8757,2.9294,0.944,2.8632,0.934,0.0842,0.1151,0.0456,123.583,27.304,0,0.332864,0.333516,0.000927,0.8465,0.212,0.001025,0.8365,0.1077
P024,-17.844345,-50.850859,ifgoiano,Centro,Arenosa,Lavoura,pastagem,SPD,Inverno,2024-05-02 14:59:00,0,696.91,P024_R3,3,1.9283,387.8986,1.9403,390.7588,0.2209,0.2662,0.008175,0.8824,12.8938,25.46,0.2136,0.009013,0.8724,3.4955,0.9056,3.5216,0.8956,0.2009,0.1065,0.187,123.583,26.248,0,0.336847,0.337757,0.003061,0.999,0.3458,0.003073,0.989,0.0017
P001,-17.877552,-50.995109,IF-40,Norte,Arenosa,Pastagem,soja,SPD,Inverno,2024-05-02 15:27:00,0,723.2,P001_R1,1,1.9684,403.1257,1.969,405.6433,0.2501,0.2949,-0.007191,0.8175,14.5657,25.596,0.2293,-0.008476,0.8075,2.4657,0.999,2.588,0.989,0.1328,0.0793,0.1243,123.625,27.47,2,0.330206,0.330358,0.001877,0.7288,0.3329,0.001983,0.7188,0.1576
P042,-17.810903,-50.981736,IF-40,Centro,Arenosa,Pastagem,cana,ILP,Inverno,2024-05-03 09:35:00,0,680.91,P042_R2,2,2.0083,403.2958,2.0133,406.0805,0.2467,0.318,0.024595,0.7266,13.5522,26.676,0.1285,0.027498,0.7166,3.2751,0.8522,3.2638,0.8422,0.2157,0.0718,0.1216,124.375,28.551,0,0.336808,0.338786,0.002202,0.6913,0.2835,0.002203,0.6813,0.1176
P071,-17.755554,-50.952693,IF-40,Sudoeste,Argilosa,Lavoura,soja,SPD,Inverno,2024-05-03 10:16:00,0,689.77,P071_R1,1,2.0384,409.6186,2.0496,411.5959,0.2573,0.343,0.018922,0.7577,13.4577,27.226,0.0916,0.016612,0.7477,3.2257,0.9184,3.1089,0.9084,0.0836,0.1017,0.0977,124.417,30.223,0,0.328008,0.328332,0.002616,0.9336,0.0438,0.002369,0.9236,0.1777
P042,-17.810903,-50.981736,IF-40,Centro,Arenosa,Pastagem,cana,ILP,Inverno,2024-05-03 13:09:00,0,680.91,P042_R3,3,1.9153,409.8592,1.917,413.5975,0.2217,0.3013,-0.006585,0.8819,13.9229,26.403,0.2101,-0.007081,0.8719,2.1823,0.915,2.086,0.905,0.2471,0.1486,0.1657,124.542,29.662,0,0.334131,0.335006,0.001865,0.7258,0.3066,0.00183,0.7158,0.2302
P071,-17.755554,-50.952693,IF-40,Sudoeste,Argilosa,Lavoura,soja,SPD,Inverno,2024-05-03 13:45:00,0,689.77,P071_R3,3,1.851,419.3769,1.8465,422.378,0.3414,0.2952,-0.02487,0.9919,15.2367,27.444,0.1752,-0.023671,0.9819,3.3319,0.9148,3.4239,0.9048,0.1761,0.1571,0.1616,124.542,29.162,0,0.322212,0.322922,0.00245,0.701,0.1872,0.002519,0.691,0.0262
P042,-17.810903,-50.981736,IF-40,Centro,Arenosa,Pastagem,cana,ILP,Inverno,2024-05-03 14:41:00,0,680.91,P042_R1,1,1.9664,416.2018,1.9603,416.8655,0.2602,0.2953,0.003543,0.8982,13.2466,25.751,0.1603,0.007133,0.8882,2.5309,0.8855,2.4185,0.8755,0.2203,0.1706,0.0673,124.583,27.847,0,0.333722,0.333377,0.001458,0.7121,0.155,0.001515,0.7021,0.3295
P071,-17.755554,-50.952693,IF-40,Sudoeste,Argilosa,Lavoura,soja,SPD,Inverno,2024-05-03 14:46:00,0,689.77,P071_R2,2,1.9692,407.2121,1.9684,411.8923,0.2323,0.3225,0.009875,0.813,14.1434,27.195,0.1998,0.008518,0.803,3.2124,0.9375,3.2735,0.9275,0.1956,0.0663,0.103,124.583,30.232,0,0.327172,0.328613,0.003438,0.785,0.2244,0.003286,0.775,0.2534
P011,-17.749159,-50.979986,Usina Decal,Norte,Arenosa,Lavoura,sorgo,Convencional,Inverno,2024-05-04 12:04:00,0,693.96,P011_R1,1,1.8798,415.0559,1.8782,415.8019,0.2055,0.1927,0.011084,0.8453,14.2448,25.773,0.2307,0.010754,0.8353,3.3339,0.9612,3.5133,0.9512,0.2536,0.0993,0.147,125.5,27.573,0,0.336655,0.337652,0.001854,0.7071,0.2203,0.002008,0.6971,0.2025
P011,-17.749159,-50.979986,Usina Decal,Norte,Arenosa,Lavoura,sorgo,Convencional,Inverno,2024-05-04 12:43:00,0,693.96,P011_R2,2,1.8989,401.6397,1.8989,403.6289,0.257,0.1986,-0.004733,0.9336,12.9949,25.739,0.14,-0.002884,0.9236,2.6708,0.9198,2.7024,0.9098,0.1999,0.1301,0.1036,125.5,25.915,0,0.335261,0.336357,0.0,0.8988,0.2685,-7.3e-05,0.8888,0.3386
P011,-17.749159,-50.979986,Usina Decal,Norte,Arenosa,Lavoura,sorgo,Convencional,Inverno,2024-05-04 13:21:00,0,693.96,P011_R3,3,1.9119,410.8154,1.917,413.6089,0.1802,0.2369,-0.012723,0.8595,14.5174,25.859,0.2963,-0.012394,0.8495,2.923,0.9406,2.7989,0.9306,0.1485,0.1123,0.1866,125.542,27.918,0,0.330704,0.330839,0.003806,0.8245,0.1744,0.003531,0.8145,0.234
P074,-17.772945,-50.901428,Rio Verde,Centro,Argilosa,Lavoura,sorgo,Convencional,Inverno,2024-05-06 08:46:00,0,738.15,P074_R1,1,2.0248,405.4052,2.0221,408.1969,0.3061,0.3401,0.0071,0.8207,11.9768,26.456,0.0023,0.009908,0.8107,3.0805,0.9681,3.2384,0.9581,0.127,0.1791,0.1133,127.333,30.045,0,0.335134,0.335935,0.000828,0.7849,0.2789,0.00081,0.7749,0.2737
P051,-17.877365,-50.984375,Usina Decal,Centro,Arenosa,Lavoura,pastagem,SPD,Inverno,2024-05-06 11:51:00,0,699.71,P051_R3,3,1.9513,410.5647,1.9599,417.3241,0.2502,0.2757,-0.007648,0.7117,12.5864,24.58,0.2578,-0.009974,0.7017,2.028,0.9251,1.9767,0.9151,0.215,0.1341,0.1714,127.458,24.414,0,0.335915,0.337443,0.002292,0.7749,0.1863,0.002363,0.7649,0.1085
P051,-17.877365,-50.984375,Usina Decal,Centro,Arenosa,Lavoura,pastagem,SPD,Inverno,2024-05-06 12:14:00,0,699.71,P051_R1,1,1.893,397.7113,1.8984,400.2136,0.2535,0.2746,-0.011813,0.7985,12.9788,23.978,0.0523,-0.012416,0.7885,2.0495,0.8467,2.0519,0.8367,0.2407,0.1088,0.1633,127.5,24.676,0,0.334784,0.335588,0.003424,0.7271,0.2795,0.003072,0.7171,0.153
P051,-17.877365,-50.984375,Usina Decal,Centro,Arenosa,Lavoura,pastagem,SPD,Inverno,2024-05-06 13:37:00,0,699.71,P051_R2,2,1.8824,411.4427,1.8818,412.281,0.3081,0.244,-0.028262,0.9774,12.8855,23.975,0.2247,-0.029886,0.9674,2.7004,0.9313,2.7527,0.9213,0.1333,0.179,0.0749,127.542,24.525,2,0.329005,0.330355,0.001828,0.7628,0.0733,0.001702,0.7528,0.1545
P074,-17.772945,-50.901428,Rio Verde,Centro,Argilosa,Lavoura,sorgo,Convencional,Inverno,2024-05-06 14:56:00,0,738.15,P074_R3,3,1.9597,409.082,1.9551,412.1418,0.307,0.3206,0.003972,0.8515,13.9475,26.404,0.1461,0.003802,0.8415,3.2348,0.8931,3.0702,0.8831,0.1383,0.1105,0.2554,127.583,26.708,0,0.329277,0.330663,0.002847,0.7948,0.1849,0.002769,0.7848,0.1842
P074,-17.772945,-50.901428,Rio Verde,Centro,Argilosa,Lavoura,sorgo,Convencional,Inverno,2024-05-06 16:53:00,0,738.15,P074_R2,2,1.9182,404.4554,1.9146,406.7921,0.2841,0.2981,0.001792,0.7436,14.7333,26.663,0.1651,0.005511,0.7336,3.5797,0.982,3.525,0.972,0.2276,0.1716,0.1509,127.667,28.093,0,0.339189,0.338441,0.001291,0.837,0.2063,0.001282,0.827,0.2982
P079,-17.806247,-50.855514,Usina Decal,Sudoeste,Arenosa,Lavoura,pastagem,ILP,Primavera,2024-05-08 08:45:00,0,708.5,P079_R1,1,1.9663,434.9336,1.9622,435.8398,0.3215,0.3188,-0.027576,0.9048,13.8548,25.583,0.2402,-0.022799,0.8948,2.738,0.9338,2.6793,0.9238,0.3224,0.1535,0.119,129.333,27.446,0,0.328488,0.328472,0.002539,0.7934,0.2363,0.002494,0.7834,0.1922
P079,-17.806247,-50.855514,Usina Decal,Sudoeste,Arenosa,Lavoura,pastagem,ILP,Primavera,2024-05-08 12:12:00,0,708.5,P079_R3,3,1.8849,409.6414,1.8854,411.6173,0.3106,0.3296,0.013696,0.8486,14.2725,27.385,0.2744,0.013674,0.8386,3.5051,0.999,3.3569,0.989,0.1457,0.0997,0.0528,129.5,28.549,0,0.334931,0.336571,0.002202,0.7719,0.1675,0.002351,0.7619,0.3727
P079,-17.806247,-50.855514,Usina Decal,Sudoeste,Arenosa,Lavoura,pastagem,ILP,Primavera,2024-05-08 14:51:00,0,708.5,P079_R2,2,1.9174,398.335,1.9218,402.6339,0.236,0.3366,0.00708,0.9368,13.4698,26.559,0.0371,0.007038,0.9268,3.62,0.919,3.5641,0.909,0.2573,0.1534,0.1071,129.583,27.665,2,0.336331,0.334851,0.002399,0.874,0.3317,0.002379,0.864,0.1427
P017,-17.739544,-50.937291,IF-40,Norte,Argilosa,Pastagem,pastagem,SPD,Primavera,2024-05-09 09:25:00,0,710.2,P017_R1,1,1.939,410.201,1.9325,411.3816,0.2119,0.2109,-0.050987,0.7203,13.7258,24.49,0.1012,-0.04995,0.7103,2.3147,0.914,2.4176,0.904,0.0872,0.1671,0.0607,130.375,24.72,0,0.336708,0.335998,0.00244,0.5456,0.1744,0.00241,0.5356,0.2226
P017,-17.739544,-50.937291,IF-40,Norte,Argilosa,Pastagem,pastagem,SPD,Primavera,2024-05-09 10:44:00,0,710.2,P017_R2,2,1.9473,401.4592,1.9417,405.7561,0.2344,0.2432,-0.005031,0.7958,13.4921,25.134,0.0378,-0.005684,0.7858,3.3732,0.9239,3.424,0.9139,0.2462,0.2657,0.092,130.417,27.896,0,0.340663,0.341014,0.001472,0.8332,0.2524,0.00153,0.8232,0.2447
P017,-17.739544,-50.937291,IF-40,Norte,Argilosa,Pastagem,pastagem,SPD,Primavera,2024-05-09 14:26:00,0,710.2,P017_R3,3,2.0039,413.0005,2.007,415.3543,0.2643,0.238,-0.040736,0.9019,11.0368,25.453,0.1705,-0.037814,0.8919,2.7622,0.7993,2.8707,0.7893,0.1445,0.1227,0.1211,130.583,28.225,0,0.328901,0.329787,0.001802,0.6308,0.337,0.001762,0.6208,0.1893
P007,-17.863607,-50.87428,Rio Verde,Norte,Arenosa,Mata,Mata,Nativo,Primavera,2024-05-10 11:06:00,0,769.93,P007_R2,2,1.9294,405.7324,1.919,406.5715,0.2543,0.2871,-0.041444,0.9059,11.8187,23.096,0.153,-0.042303,0.8959,4.7553,0.8453,4.7148,0.8353,0.0615,0.1286,0.1608,131.458,24.973,0,0.341813,0.343702,0.00089,0.9853,0.2058,0.000668,0.9753,0.2564
P007,-17.863607,-50.87428,Rio Verde,Norte,Arenosa,Mata,Mata,Nativo,Primavera,2024-05-10 13:29:00,0,769.93,P007_R3,3,1.9065,412.5552,1.9073,417.974,0.3082,0.283,-0.011929,0.8718,11.7008,24.011,0.2469,-0.017046,0.8618,3.4126,0.9592,3.3223,0.9492,0.2336,0.0542,0.2491,131.542,25.981,0,0.335887,0.335433,0.0,0.7086,0.2549,9.6e-05,0.6986,0.2788
P007,-17.863607,-50.87428,Rio Verde,Norte,Arenosa,Mata,Mata,Nativo,Primavera,2024-05-10 16:39:00,0,769.93,P007_R1,1,1.9288,399.7514,1.9308,402.1703,0.241,0.2621,0.012766,0.8688,14.3084,23.218,0.1155,0.010857,0.8588,3.4122,0.8683,3.3544,0.8583,0.2193,0.1423,0.1657,131.667,23.396,1,0.332397,0.331277,0.001396,0.6376,0.0917,0.001548,0.6276,0.1786
P070,-17.657795,-51.065317,Rio Verde,Norte,Arenosa,Lavoura,cana,ILP,Primavera,2024-05-11 08:17:00,0,717.56,P070_R2,2,2.0308,399.3995,2.0299,401.798,0.2664,0.2568,0.01397,0.87,12.3343,24.799,0.3013,0.012756,0.86,3.04,0.8981,3.19,0.8881,0.0883,0.1177,0.1007,132.333,27.687,0,0.329917,0.330242,0.001958,0.5888,0.3322,0.001801,0.5788,0.286
P070,-17.657795,-51.065317,Rio Verde,Norte,Arenosa,Lavoura,cana,ILP,Primavera,2024-05-11 12:06:00,0,717.56,P070_R3,3,1.9334,409.1959,1.9392,413.6896,0.3027,0.259,-0.02535,0.892,11.9448,26.179,0.2329,-0.029456,0.882,3.4226,0.9137,3.3632,0.9037,0.2557,0.1047,0.1115,132.5,28.414,0,0.328151,0.330479,0.003209,0.813,0.2185,0.003054,0.803,0.2256
P070,-17.657795,-51.065317,Rio Verde,Norte,Arenosa,Lavoura,cana,ILP,Primavera,2024-05-11 16:15:00,0,717.56,P070_R1,1,2.0496,396.8301,2.0484,397.8241,0.2156,0.245,-0.035727,0.9695,13.6909,24.94,0.2151,-0.039879,0.9595,3.5956,0.8657,3.6536,0.8557,0.1601,0.1076,0.1612,132.667,25.493,0,0.331788,0.332526,0.001442,0.9621,0.0968,0.001388,0.9521,0.1313
P050,-17.780184,-50.969057,Mata do Lobo,Norte,Arenosa,Pastagem,sorgo,SPD,Primavera,2024-05-12 08:41:00,0,742.5,P050_R2,2,1.9075,415.72,1.9093,418.0129,0.1989,0.2251,-0.004356,0.7119,14.3113,26.143,0.1723,-0.004152,0.7019,3.395,0.949,3.31,0.939,0.228,0.1567,0.086,133.333,27.454,0,0.32847,0.328791,0.000577,0.469,0.3341,0.000313,0.459,0.3246
P052,-17.750201,-50.893855,Rio Verde,Centro,Argilosa,Mata,Mata,Nativo,Primavera,2024-05-12 09:21:00,0,757.39,P052_R2,2,1.967,407.3395,1.9735,407.6192,0.2403,0.2706,-0.00088,0.7349,12.6102,24.549,0.2021,0.0025,0.7249,3.2102,0.999,3.1482,0.989,0.0752,0.1395,0.1714,133.375,25.162,1,0.334109,0.332518,0.000543,0.8219,0.1705,0.000661,0.8119,0.2334
P052,-17.750201,-50.893855,Rio Verde,Centro,Argilosa,Mata,Mata,Nativo,Primavera,2024-05-12 10:46:00,0,757.39,P052_R1,1,1.9023,415.5974,1.9018,416.015,0.2112,0.2758,0.02077,0.9398,13.5357,25.197,0.01,0.020694,0.9298,3.5709,0.8289,3.7598,0.8189,0.1469,0.124,0.0848,133.417,25.36,0,0.336853,0.336548,0.001866,0.9865,0.2809,0.002092,0.9765,0.3027
P052,-17.750201,-50.893855,Rio Verde,Centro,Argilosa,Mata,Mata,Nativo,Primavera,2024-05-12 11:56:00,0,757.39,P052_R3,3,1.9054,410.3979,1.9043,413.5487,0.2892,0.2921,-0.032234,0.8781,12.8014,24.862,0.1392,-0.03468,0.8681,3.8258,0.999,3.6667,0.989,0.1379,0.0733,0.1742,133.458,26.986,0,0.33371,0.334953,0.001461,0.7381,0.1009,0.001617,0.7281,0.3494
P050,-17.780184,-50.969057,Mata do Lobo,Norte,Arenosa,Pastagem,sorgo,SPD,Primavera,2024-05-12 13:01:00,0,742.5,P050_R1,1,1.8885,416.0257,1.8936,414.6029,0.2349,0.276,0.026209,0.999,13.6989,26.717,0.2765,0.024382,0.989,3.2943,0.929,3.1513,0.919,0.2848,0.2003,0.0805,133.542,28.419,0,0.329747,0.330247,0.002348,0.8101,0.2568,0.002519,0.8001,0.0902
P050,-17.780184,-50.969057,Mata do Lobo,Norte,Arenosa,Pastagem,sorgo,SPD,Primavera,2024-05-12 13:55:00,0,742.5,P050_R3,3,1.8836,406.3045,1.8831,408.9976,0.261,0.2786,-0.006026,0.7398,13.8224,26.592,0.2976,-0.006145,0.7298,3.0205,0.949,2.9818,0.939,0.148,0.0864,0.1679,133.542,28.871,0,0.344885,0.345732,0.00235,0.7329,0.1614,0.001879,0.7229,0.1947
P056,-17.713506,-51.026577,Mata do Lobo,Sudoeste,Arenosa,Pastagem,sorgo,SPD,Primavera,2024-05-13 08:27:00,0,726.33,P056_R2,2,1.9285,409.5394,1.9308,411.187,0.201,0.2024,0.024097,0.8447,14.6046,26.341,0.2518,0.022447,0.8347,2.3979,0.9354,2.427,0.9254,0.1799,0.1238,0.1142,134.333,26.292,0,0.334331,0.33647,0.003167,0.7176,0.2187,0.003168,0.7076,0.3392
P056,-17.713506,-51.026577,Mata do Lobo,Sudoeste,Arenosa,Pastagem,sorgo,SPD,Primavera,2024-05-13 09:35:00,0,726.33,P056_R3,3,1.9368,399.9852,1.9472,403.1839,0.218,0.2056,-0.006383,0.9085,15.1229,25.988,0.1989,-0.004521,0.8985,1.5717,0.9044,1.4888,0.8944,0.2025,0.1202,0.0507,134.375,28.405,0,0.330347,0.330109,0.002032,0.6477,0.3356,0.002267,0.6377,0.1315
P056,-17.713506,-51.026577,Mata do Lobo,Sudoeste,Arenosa,Pastagem,sorgo,SPD,Primavera,2024-05-13 14:32:00,0,726.33,P056_R1,1,1.9779,414.2125,1.9803,416.0109,0.2748,0.2194,0.003873,0.6885,15.6856,26.158,0.0851,0.00655,0.6785,3.297,0.9261,3.191,0.9161,0.1976,0.0866,0.1552,134.583,27.006,0,0.336938,0.338588,0.002042,0.772,0.3634,0.002268,0.762,0.1835
P004,-17.908333,-50.941843,Mata do Lobo,Sudoeste,Argilosa,Pastagem,milho,ILP,Primavera,2024-05-17 11:28:00,0,724.41,P004_R1,1,1.8974,409.5094,1.9011,412.6595,0.1885,0.2997,0.027364,0.9126,14.6143,26.376,0.2401,0.028681,0.9026,3.7427,0.8611,3.7866,0.8511,0.0742,0.1786,0.1665,138.458,27.613,0,0.333328,0.335014,0.013379,0.7609,0.4021,0.013392,0.7509,0.2333
P004,-17.908333,-50.941843,Mata do Lobo,Sudoeste,Argilosa,Pastagem,milho,ILP,Primavera,2024-05-17 15:21:00,0,724.41,P004_R3,3,2.0241,408.9999,2.0275,411.3666,0.2464,0.2621,0.008388,0.8586,14.5189,25.798,0.0799,0.010914,0.8486,2.7698,0.8971,2.9027,0.8871,0.2352,0.0399,0.0903,138.625,26.451,0,0.331282,0.332858,0.014071,0.911,0.0599,0.01403,0.901,0.2924
P004,-17.908333,-50.941843,Mata do Lobo,Sudoeste,Argilosa,Pastagem,milho,ILP,Primavera,2024-05-17 16:57:00,0,724.41,P004_R2,2,1.8892,410.2623,1.8965,413.1303,0.2732,0.2953,-0.003076,0.8795,12.6365,25.339,0.2451,-0.001834,0.8695,1.4553,0.9938,1.4857,0.9838,0.2188,0.0915,0.1416,138.667,26.028,0,0.331644,0.332731,0.014937,0.8647,0.3268,0.014819,0.8547,0.267
P055,-17.735791,-50.899922,ifgoiano,Sudoeste,Media,Lavoura,soja,Convencional,Primavera,2024-05-18 09:39:00,0,743.14,P055_R1,1,1.9934,407.506,2.0044,407.8937,0.2729,0.3419,0.005397,0.8612,12.5198,23.988,0.206,0.003188,0.8512,2.6531,0.9727,2.5649,0.9627,0.3141,0.1727,0.1251,139.375,25.781,0,0.327068,0.326867,0.010136,0.999,0.1324,0.009996,0.989,0.411
P055,-17.735791,-50.899922,ifgoiano,Sudoeste,Media,Lavoura,soja,Convencional,Primavera,2024-05-18 12:49:00,0,743.14,P055_R3,3,1.974,424.1664,1.9886,428.2748,0.2331,0.3417,-0.001418,0.9943,12.0912,24.142,0.2881,0.00044,0.9843,3.7005,0.9956,3.6265,0.9856,0.1173,0.1044,0.0809,139.5,26.384,0,0.330513,0.331495,0.011198,0.7935,0.2913,0.011036,0.7835,0.2892
P055,-17.735791,-50.899922,ifgoiano,Sudoeste,Media,Lavoura,soja,Convencional,Primavera,2024-05-18 13:49:00,0,743.14,P055_R2,2,1.9762,411.9133,1.9804,415.059,0.274,0.309,-0.039337,0.7023,11.6729,24.286,0.1448,-0.037115,0.6923,2.6391,0.8869,2.4884,0.8769,0.2306,0.0965,0.0537,139.542,24.596,0,0.339517,0.339329,0.007733,0.7923,0.4175,0.007954,0.7823,0.1405
P005,-17.803589,-50.907031,Mata do Lobo,Norte,Arenosa,Pastagem,sorgo,SPD,Primavera,2024-05-19 08:42:00,0,737.55,P005_R2,2,1.8585,408.9513,1.8574,410.4438,0.2571,0.2828,-0.008785,0.8235,12.5901,26.077,0.1695,-0.007799,0.8135,2.5136,0.9734,2.5564,0.9634,0.3662,0.1392,0.2276,140.333,27.956,0,0.339641,0.339386,0.002448,0.8915,0.2549,0.002712,0.8815,0.2469
P005,-17.803589,-50.907031,Mata do Lobo,Norte,Arenosa,Pastagem,sorgo,SPD,Primavera,2024-05-19 14:53:00,0,737.55,P005_R1,1,1.9761,406.8501,1.981,407.8738,0.241,0.2963,-0.0463,0.8445,13.8565,26.149,0.113,-0.048335,0.8345,2.2024,0.9864,2.0542,0.9764,0.1289,0.1246,0.056,140.583,28.306,0,0.333671,0.332376,0.00285,0.9154,0.1606,0.002793,0.9054,0.2042
P005,-17.803589,-50.907031,Mata do Lobo,Norte,Arenosa,Pastagem,sorgo,SPD,Primavera,2024-05-19 16:16:00,0,737.55,P005_R3,3,1.8705,403.333,1.8706,405.257,0.2601,0.2935,-0.021838,0.9351,13.5016,25.819,0.3878,-0.020795,0.9251,4.0704,0.903,4.181,0.893,0.2073,0.1203,0.2017,140.667,27.57,0,0.324635,0.325301,0.001858,0.6658,0.2423,0.001801,0.6558,0.2981
P026,-17.774953,-50.873311,ifgoiano,Sudoeste,Arenosa,Lavoura,milho,SPD,Primavera,2024-05-22 08:42:00,0,772.67,P026_R2,2,2.0161,406.4759,2.0154,408.9001,0.2273,0.3498,-0.016354,0.8674,12.3804,24.708,0.1709,-0.016244,0.8574,3.1581,0.8759,3.2165,0.8659,0.3102,0.115,0.1724,143.333,25.589,1,0.33831,0.338563,0.002398,0.7764,0.2307,0.00255,0.7664,0.2398
P026,-17.774953,-50.873311,ifgoiano,Sudoeste,Arenosa,Lavoura,milho,SPD,Primavera,2024-05-22 08:58:00,0,772.67,P026_R3,3,1.8404,409.0233,1.8455,414.4711,0.2536,0.3682,0.023375,0.8673,14.2716,24.952,0.1331,0.026133,0.8573,3.6935,0.999,3.742,0.989,0.2444,0.1262,0.2018,143.333,28.221,0,0.33226,0.333359,0.016876,0.8605,0.2211,0.017057,0.8505,0.0689
P026,-17.774953,-50.873311,ifgoiano,Sudoeste,Arenosa,Lavoura,milho,SPD,Primavera,2024-05-22 16:56:00,0,772.67,P026_R1,1,1.9638,402.1352,1.965,403.1406,0.2704,0.3325,0.013349,0.8933,13.2151,25.644,0.1872,0.02116,0.8833,2.4693,0.8998,2.5433,0.8898,0.0526,0.0995,0.0998,143.667,26.378,0,0.339978,0.340735,0.008521,0.6972,0.3196,0.008675,0.6872,0.0483
P027,-17.79069,-51.020024,ifgoiano,Norte,Media,Lavoura,cana,SPD,Primavera,2024-05-23 09:17:00,0,767.33,P027_R2,2,2.0067,423.4591,2.0105,426.1611,0.2679,0.307,0.008079,0.9513,13.9729,26.817,0.2574,0.012499,0.9413,3.4302,0.8718,3.6575,0.8618,0.2368,0.0704,0.147,144.375,29.38,0,0.330292,0.329445,0.002561,0.9172,0.2113,0.002546,0.9072,0.3394
P013,-17.689913,-50.950587,ifgoiano,Norte,Arenosa,Lavoura,milho,ILP,Primavera,2024-05-23 09:31:00,0,710.91,P013_R3,3,1.9809,414.5643,1.9783,420.0798,0.2516,0.2771,-0.004612,0.8742,11.5029,22.739,0.242,-0.005848,0.8642,1.9611,0.8802,2.0656,0.8702,0.1614,0.0886,0.217,144.375,24.26,0,0.342759,0.345006,0.002255,0.7075,0.2161,0.001943,0.6975,0.3399
P027,-17.79069,-51.020024,ifgoiano,Norte,Media,Lavoura,cana,SPD,Primavera,2024-05-23 09:49:00,0,767.33,P027_R3,3,1.9856,413.7586,1.9942,416.1245,0.2667,0.2834,-0.015117,0.8343,13.0896,26.807,0.0466,-0.010883,0.8243,1.8923,0.8704,1.9961,0.8604,0.1686,0.0535,0.0999,144.375,30.034,0,0.326959,0.328089,0.002201,0.8627,0.3024,0.002242,0.8527,0.0543
P023,-17.793796,-50.94994,Mata do Lobo,Sudoeste,Media,Mata,Mata,Nativo,Primavera,2024-05-23 10:14:00,0,711.21,P023_R3,3,1.9272,407.6452,1.9274,412.1615,0.2682,0.3292,0.026016,0.7885,13.7766,24.93,0.092,0.026058,0.7785,4.5147,0.9246,4.6438,0.9146,0.2463,0.0803,0.1375,144.417,27.294,0,0.337188,0.338721,0.001368,0.7886,0.2434,0.001348,0.7786,0.4586
P013,-17.689913,-50.950587,ifgoiano,Norte,Arenosa,Lavoura,milho,ILP,Primavera,2024-05-23 11:04:00,0,710.91,P013_R2,2,1.9943,412.3801,1.9924,414.5012,0.2024,0.2618,-0.047549,0.8919,11.8327,23.781,0.2248,-0.051135,0.8819,1.572,0.875,1.3909,0.865,0.1102,0.0912,0.1025,144.458,27.106,0,0.332555,0.331033,0.014952,0.8529,0.2766,0.015211,0.8429,0.1216
P023,-17.793796,-50.94994,Mata do Lobo,Sudoeste,Media,Mata,Mata,Nativo,Primavera,2024-05-23 12:18:00,0,711.21,P023_R1,1,1.9029,404.4459,1.9043,405.0993,0.3712,0.3261,-0.020149,0.7745,13.7176,25.308,0.2284,-0.018346,0.7645,4.439,0.8939,4.3543,0.8839,0.0633,0.1517,0.2706,144.5,26.233,0,0.339683,0.339932,0.001648,0.9101,0.3447,0.001486,0.9001,0.1662
P013,-17.689913,-50.950587,ifgoiano,Norte,Arenosa,Lavoura,milho,ILP,Primavera,2024-05-23 13:17:00,0,710.91,P013_R1,1,1.884,413.3398,1.8879,413.3395,0.1912,0.2433,-0.001958,0.999,12.9514,24.007,0.2988,-0.000119,0.989,1.5303,0.999,1.4987,0.989,0.1611,0.0737,0.0639,144.542,25.8,0,0.339273,0.339565,0.010272,0.6572,0.1142,0.010474,0.6472,0.282
P023,-17.793796,-50.94994,Mata do Lobo,Sudoeste,Media,Mata,Mata,Nativo,Primavera,2024-05-23 13:20:00,0,711.21,P023_R2,2,1.9741,410.4136,1.9738,413.7181,0.2436,0.3112,-0.029848,0.7755,11.9653,24.955,0.1938,-0.029796,0.7655,3.9643,0.9563,3.7781,0.9463,0.2011,0.1218,0.121,144.542,26.723,0,0.337539,0.339836,0.001199,0.6801,0.0344,0.001105,0.6701,0.2185
P027,-17.79069,-51.020024,ifgoiano,Norte,Media,Lavoura,cana,SPD,Primavera,2024-05-23 13:26:00,0,767.33,P027_R1,1,1.9413,411.1641,1.9339,411.0661,0.2791,0.2664,0.000648,0.89,14.5679,27.064,0.1453,-0.000314,0.88,3.3889,0.8333,3.4369,0.8233,0.1696,0.1146,0.1495,144.542,28.76,1,0.340228,0.34102,0.002838,0.6121,0.0115,0.002829,0.6021,0.0301
P031,-17.800445,-50.927941,IF-40,Norte,Argilosa,Lavoura,milho,Convencional,Primavera,2024-05-24 08:18:00,0,748.56,P031_R3,3,1.9437,403.7259,1.9457,410.7754,0.2272,0.3011,-0.027693,0.8453,12.9309,24.03,0.1187,-0.029035,0.8353,2.5031,0.999,2.529,0.989,0.2656,0.0957,0.2466,145.333,25.784,0,0.33195,0.334086,0.012072,0.999,0.099,0.012117,0.989,0.2066
P031,-17.800445,-50.927941,IF-40,Norte,Argilosa,Lavoura,milho,Convencional,Primavera,2024-05-24 12:40:00,0,748.56,P031_R1,1,2.0415,422.6074,2.0387,425.1756,0.1615,0.3017,-0.016034,0.9443,13.7798,25.556,0.0392,-0.013338,0.9343,2.1341,0.9635,2.0697,0.9535,0.1679,0.0822,0.2011,145.5,28.612,0,0.329901,0.330381,0.013618,0.8856,0.0433,0.013348,0.8756,0.1649
P031,-17.800445,-50.927941,IF-40,Norte,Argilosa,Lavoura,milho,Convencional,Primavera,2024-05-24 14:32:00,0,748.56,P031_R2,2,1.9711,422.8004,1.9669,426.9543,0.2394,0.3022,-0.042128,0.8744,13.1103,25.106,0.052,-0.045182,0.8644,2.6424,0.9186,2.3908,0.9086,0.3625,0.1214,0.0959,145.583,26.788,0,0.33863,0.339834,0.012345,0.7064,0.361,0.012382,0.6964,0.2368
P080,-17.793329,-50.938295,Mata do Lobo,Norte,Media,Lavoura,cana,SPD,Primavera,2024-05-25 09:50:00,0,728.23,P080_R3,3,1.9623,403.7008,1.9685,405.5934,0.2347,0.2498,0.013212,0.8573,13.4754,24.43,0.087,0.011731,0.8473,3.0309,0.9049,2.97,0.8949,0.1549,0.2078,0.0848,146.375,26.136,0,0.332649,0.334204,0.002236,0.739,0.1636,0.002134,0.729,0.3431
P080,-17.793329,-50.938295,Mata do Lobo,Norte,Media,Lavoura,cana,SPD,Primavera,2024-05-25 12:35:00,0,728.23,P080_R2,2,1.9189,417.2116,1.9259,418.798,0.2373,0.2719,0.032323,0.7474,13.3207,24.725,0.1478,0.032952,0.7374,2.1974,0.999,2.29,0.989,0.2426,0.0887,0.1156,146.5,25.594,3,0.330651,0.331145,0.002877,0.7595,0.145,0.003085,0.7495,0.2281
P080,-17.793329,-50.938295,Mata do Lobo,Norte,Media,Lavoura,cana,SPD,Primavera,2024-05-25 15:33:00,0,728.23,P080_R1,1,1.9259,406.948,1.9357,408.0826,0.2261,0.2764,-0.012262,0.96,13.8497,24.054,0.0601,-0.009684,0.95,2.2674,0.8099,2.2913,0.7999,0.1947,0.0258,0.129,146.625,24.078,0,0.3398,0.34063,0.000751,0.766,0.0671,0.000586,0.756,0.3033
P014,-17.782478,-50.935775,Rio Verde,Norte,Argilosa,Pastagem,soja,Convencional,Primavera,2024-05-27 08:57:00,0,699.1,P014_R2,2,2.0116,402.0287,2.0073,403.9074,0.2882,0.316,0.00746,0.8482,12.9755,25.066,0.2574,0.012969,0.8382,2.469,0.892,2.5094,0.882,0.1901,0.1314,0.0506,148.333,24.582,0,0.32111,0.322354,0.009695,0.6237,0.2493,0.009398,0.6137,0.3142
P020,-17.778365,-50.985915,ifgoiano,Norte,Arenosa,Lavoura,cana,SPD,Primavera,2024-05-27 10:06:00,0,710.39,P020_R2,2,1.8719,411.5971,1.8696,415.5338,0.1653,0.2913,-0.015166,0.8982,13.4566,24.975,0.0871,-0.019819,0.8882,1.4526,0.9736,1.426,0.9636,0.1624,0.151,0.1374,148.417,25.624,0,0.337714,0.337405,0.002406,0.767,0.2232,0.002316,0.757,0.2835
P020,-17.778365,-50.985915,ifgoiano,Norte,Arenosa,Lavoura,cana,SPD,Primavera,2024-05-27 10:53:00,0,710.39,P020_R1,1,1.8802,413.147,1.888,412.7201,0.2217,0.2988,-0.007862,0.7545,13.2019,25.426,0.2384,-0.005827,0.7445,3.0351,0.8892,3.0508,0.8792,0.0699,0.0286,0.2013,148.417,27.761,0,0.338278,0.339397,0.00186,0.6736,0.4009,0.001907,0.6636,0.3125
P020,-17.778365,-50.985915,ifgoiano,Norte,Arenosa,Lavoura,cana,SPD,Primavera,2024-05-27 11:13:00,0,710.39,P020_R3,3,2.0013,405.0716,1.9982,406.4723,0.1335,0.3003,-0.004969,0.8177,14.5948,25.511,0.072,-0.008546,0.8077,1.7304,0.834,1.8433,0.824,0.107,0.1847,0.1283,148.458,24.573,0,0.333414,0.335135,0.001712,0.6937,0.3804,0.001508,0.6837,0.1723
P014,-17.782478,-50.935775,Rio Verde,Norte,Argilosa,Pastagem,soja,Convencional,Primavera,2024-05-27 15:29:00,0,699.1,P014_R3,3,1.9829,413.7484,1.9813,417.0277,0.2714,0.3213,-0.020881,0.7466,13.9244,25.781,0.2173,-0.013952,0.7366,3.2897,0.9481,3.237,0.9381,0.1672,0.2156,0.1046,148.625,28.769,0,0.348554,0.349796,0.011066,0.8153,0.1824,0.01125,0.8053,0.2146
P014,-17.782478,-50.935775,Rio Verde,Norte,Argilosa,Pastagem,soja,Convencional,Primavera,2024-05-27 16:59:00,0,699.1,P014_R1,1,2.031,405.202,2.0378,406.075,0.263,0.2962,-0.003212,0.8184,13.1684,26.48,0.2476,-0.002461,0.8084,1.831,0.898,1.9106,0.888,0.1074,0.1329,0.0969,148.667,27.999,0,0.336818,0.335382,0.004975,0.5671,0.0624,0.005376,0.5571,0.1435
P019,-17.818726,-50.960947,IF-40,Sudoeste,Argilosa,Pastagem,cana,SPD,Primavera,2024-05-28 12:40:00,0,703.59,P019_R3,3,1.9885,393.1385,1.9865,397.7053,0.2965,0.3184,-0.018295,0.857,14.4497,26.914,0.2983,-0.018974,0.847,3.7339,0.9489,3.8898,0.9389,0.2009,0.1071,0.1006,149.5,28.206,0,0.341109,0.342548,0.003096,0.802,0.1299,0.003107,0.792,0.3279
P019,-17.818726,-50.960947,IF-40,Sudoeste,Argilosa,Pastagem,cana,SPD,Primavera,2024-05-28 13:17:00,0,703.59,P019_R1,1,1.8971,404.9593,1.8919,405.9429,0.2451,0.2845,-0.013362,0.8669,13.2059,27.955,0.2447,-0.013146,0.8569,2.7017,0.8527,2.9826,0.8427,0.1213,0.1931,0.0082,149.542,28.833,0,0.329741,0.330714,0.001414,0.6679,0.2295,0.001755,0.6579,0.3088
P019,-17.818726,-50.960947,IF-40,Sudoeste,Argilosa,Pastagem,cana,SPD,Primavera,2024-05-28 13:33:00,0,703.59,P019_R2,2,1.9637,409.9368,1.9637,409.5585,0.2487,0.2733,-0.014109,0.8882,15.2122,27.492,0.2569,-0.014228,0.8782,3.0296,0.824,2.9732,0.814,0.2219,0.122,0.0313,149.542,27.665,0,0.333496,0.333834,0.002668,0.7799,0.0247,0.002607,0.7699,0.2393
